Date;Pays;Banque;Taux_Interet;Créances_Souffrance;Emissions_Titres;Taux_Change;IPC;Qualité_Donnees
2024-01;ML;CBAO;7.34;7.23;31.98;635.98;1.75;OK
2024-01;BJ;BOA;7.49;41.45;46.23;641.88;3.96;OK
2024-01;BJ;BOA;8.21;15.34;25.94;615.73;3.11;OK
2024-01;CI;CBAO;6.27;5.98;61.16;625.49;3.3;OK
2024-01;BJ;CBAO;4.21;22.77;143.19;610.02;4.78;OK
2024-01;SN;BHS;5.02;12.81;131.73;610.11;3.05;OK
2024-01;GW;BDK;5.92;45.22;104.55;673.05;4.6;OK
2024-01;ML;CBAO;6.08;40.56;102.03;659.12;4.43;OK
2024-01;GW;ECOBANK;8.28;17.39;184.19;692.51;3.84;Erreur
2024-01;TG;ECOBANK;4.91;20.91;68.01;630.15;2.47;Erreur
2024-01;BJ;ECOBANK;9.66;24.23;178.78;661.95;2.54;OK
2024-01;SN;BDK;2.58;27.9;35.33;603.07;3.99;OK
2024-01;BF;SG;5.61;21.97;106.26;682.12;3.25;OK
2024-01;BF;UBA;6.8;28.9;42.09;676.65;2.03;OK
2024-01;GW;CBAO;8.28;44.77;144.73;689.97;2.56;OK
2024-01;BF;CBAO;9.07;25.28;150.25;604.96;4.03;OK
2024-01;GW;CBAO;8.8;6.47;180.26;670.3;3.26;OK
2024-01;BJ;CBAO;3.48;16.58;64.04;647.24;3.78;OK
2024-01;ML;BDK;9.25;24.07;198.69;681.39;3.48;OK
2024-01;NE;SG;8.5;44.72;191.65;667.53;3.13;OK
2024-01;NE;BOA;7.91;25.44;165.7;602.68;2.06;OK
2024-01;SN;BOA;5.7;34.36;44.34;656.37;2.36;OK
2024-01;NE;UBA;8.0;8.57;70.35;679.18;4.92;OK
2024-01;SN;BHS;3.49;20.93;56.92;613.11;1.87;OK
2024-01;NE;BDK;5.46;49.8;46.78;667.45;4.33;OK
2024-01;CI;CBAO;5.57;44.46;133.42;682.6;4.68;OK
2024-01;NE;BICIS;6.34;13.3;165.01;673.73;2.9;OK
2024-01;ML;BHS;8.83;29.39;133.18;649.34;1.55;OK
2024-01;BJ;BOA;9.85;13.58;89.15;655.97;2.01;OK
2024-01;GW;BHS;3.06;32.08;76.67;652.59;2.4;OK
2024-01;CI;ECOBANK;5.37;20.26;31.79;601.43;2.81;OK
2024-02;CI;BDK;7.28;46.57;143.33;669.55;4.5;OK
2024-02;GW;UBA;4.84;21.45;179.65;615.13;4.03;OK
2024-02;CI;BOA;8.52;26.3;194.04;679.36;2.87;OK
2024-02;CI;ECOBANK;9.14;17.78;59.46;627.87;3.15;OK
2024-02;GW;CBAO;9.6;25.71;191.48;628.82;4.78;OK
2024-02;TG;SG;3.46;11.76;103.85;603.2;3.77;OK
2024-02;SN;BICIS;3.72;35.72;66.28;600.44;2.38;OK
2024-02;NE;BDK;4.86;19.18;173.29;605.48;2.84;OK
2024-02;GW;BHS;6.19;9.46;162.58;677.95;4.09;OK
2024-02;TG;ECOBANK;3.85;36.52;164.38;661.79;4.77;OK
2024-02;BF;BOA;9.66;29.11;72.26;671.87;1.61;OK
2024-02;BJ;UBA;3.57;21.35;93.73;699.16;4.11;OK
2024-02;TG;BHS;6.8;27.93;151.11;694.13;4.05;OK
2024-02;GW;ECOBANK;4.46;22.24;59.29;676.28;;Erreur
2024-02;GW;BHS;7.11;47.56;133.04;636.81;;Erreur
2024-02;TG;BHS;6.28;16.49;37.44;633.16;4.97;OK
2024-02;BJ;BDK;5.76;20.45;69.97;648.4;2.94;OK
2024-02;NE;BICIS;4.24;33.44;89.77;670.94;4.08;OK
2024-02;TG;ECOBANK;5.25;8.61;170.01;600.47;3.97;OK
2024-02;ML;UBA;5.19;44.78;100.53;632.67;2.49;OK
2024-02;BJ;BOA;7.19;19.93;106.78;675.3;3.21;OK
2024-02;CI;UBA;3.0;7.23;83.43;682.5;2.35;OK
2024-02;GW;BHS;9.4;14.05;65.29;619.28;3.9;OK
2024-02;SN;BDK;6.34;47.84;174.77;664.54;2.88;Erreur
2024-02;TG;BDK;9.92;9.6;116.15;601.0;1.83;OK
2024-02;TG;UBA;7.24;19.42;66.42;626.8;4.04;OK
2024-02;GW;BHS;6.85;36.07;55.79;619.73;3.06;OK
2024-02;TG;ECOBANK;6.4;29.88;177.86;664.87;2.12;OK
2024-02;SN;BOA;5.98;39.26;55.54;657.22;4.4;OK
2024-03;TG;ECOBANK;3.01;41.88;81.35;695.52;2.69;OK
2024-03;TG;BDK;6.22;7.21;39.89;641.06;4.76;OK
2024-03;BF;BICIS;8.84;7.81;137.09;1500.0;3.69;Erreur
2024-03;GW;BHS;9.95;12.05;176.87;658.35;1.9;OK
2024-03;SN;CBAO;6.23;20.11;105.66;687.25;2.88;OK
2024-03;NE;CBAO;3.49;-40.97;179.68;617.27;4.15;Erreur
2024-03;TG;CBAO;7.43;7.24;170.1;662.63;3.24;OK
2024-03;SN;BOA;8.56;39.47;128.87;655.07;4.52;OK
2024-03;CI;BICIS;6.89;46.98;152.38;609.84;3.63;OK
2024-03;BJ;BOA;8.87;34.88;102.63;635.65;2.61;OK
2024-03;TG;SG;2.75;15.73;184.5;629.62;1.78;OK
2024-03;TG;BDK;5.07;29.14;36.35;658.11;1.68;OK
2024-03;ML;SG;5.12;20.74;163.59;644.06;3.3;OK
2024-03;BJ;ECOBANK;9.57;11.79;156.23;622.74;2.84;OK
2024-03;TG;ECOBANK;5.88;19.06;117.5;662.24;4.89;OK
2024-03;TG;CBAO;9.64;8.71;154.24;642.42;4.37;OK
2024-03;TG;BICIS;7.99;31.72;117.61;674.83;2.52;OK
2024-03;BF;BHS;50.0;16.68;123.59;695.49;3.1;Erreur
2024-03;SN;BICIS;7.98;31.11;197.42;667.93;3.56;OK
2024-03;BF;SG;7.17;14.58;65.25;678.62;2.42;OK
2024-03;SN;BICIS;5.47;25.99;185.62;620.89;3.04;OK
2024-03;CI;SG;9.5;12.94;79.5;632.98;4.72;OK
2024-03;NE;BHS;3.38;46.5;146.49;694.22;2.58;OK
2024-03;CI;BOA;3.27;7.47;111.83;660.67;4.94;OK
2024-03;CI;BICIS;8.84;44.18;45.36;650.21;2.43;OK
2024-03;GW;BHS;4.79;34.16;173.46;646.5;1.55;OK
2024-03;CI;BOA;6.69;11.93;183.42;607.66;1.79;OK
2024-03;SN;UBA;6.58;18.38;39.44;638.73;3.86;OK
2024-03;TG;CBAO;5.4;14.01;151.42;655.12;3.85;OK
2024-03;NE;CBAO;4.73;9.71;187.92;694.75;2.73;OK
2024-03;CI;BOA;3.65;10.78;92.47;627.34;3.42;OK
2024-04;BJ;BDK;7.81;33.62;38.48;600.28;4.02;OK
2024-04;SN;UBA;8.93;29.73;47.8;688.61;4.81;OK
2024-04;ML;BHS;4.44;25.59;135.43;608.45;2.74;OK
2024-04;CI;SG;3.66;34.46;98.38;694.25;4.66;OK
2024-04;NE;BDK;50.0;46.35;87.65;660.77;4.86;Erreur
2024-04;TG;UBA;7.89;19.53;186.82;681.9;4.09;OK
2024-04;GW;BDK;8.44;24.44;74.59;678.11;2.8;OK
2024-04;SN;SG;4.4;25.61;82.29;694.34;4.64;OK
2024-04;CI;SG;6.45;20.47;161.76;688.82;1.89;OK
2024-04;NE;SG;8.58;7.72;153.06;675.13;3.8;OK
2024-04;BJ;ECOBANK;4.26;9.58;187.94;609.46;2.54;OK
2024-04;TG;CBAO;9.82;6.36;111.86;666.67;2.37;OK
2024-04;ML;UBA;9.57;25.76;176.91;630.27;3.42;OK
2024-04;GW;CBAO;3.92;5.44;134.63;691.73;1.66;Erreur
2024-04;BJ;BICIS;5.37;30.07;43.03;652.32;2.1;OK
2024-04;NE;BOA;3.35;24.2;144.43;676.85;2.28;OK
2024-04;TG;ECOBANK;2.93;20.08;70.33;650.72;1.69;OK
2024-04;GW;CBAO;7.31;18.37;66.29;625.47;4.5;OK
2024-04;CI;BICIS;9.44;12.98;85.52;655.63;1.52;OK
2024-04;GW;BICIS;3.44;49.23;66.86;683.68;4.43;OK
2024-04;NE;BICIS;7.83;35.65;111.94;673.86;2.22;OK
2024-04;TG;UBA;5.36;12.12;153.31;622.13;4.79;OK
2024-04;ML;SG;8.68;40.11;148.0;630.65;4.68;OK
2024-04;SN;BOA;7.96;11.77;102.63;601.39;4.92;OK
2024-04;GW;BHS;3.94;40.18;133.5;604.19;1.92;OK
2024-04;BJ;CBAO;2.52;38.99;146.32;670.0;2.24;OK
2024-04;TG;ECOBANK;8.91;26.96;181.62;673.45;;Erreur
2024-04;ML;BICIS;3.16;34.63;93.25;624.83;2.81;OK
2024-04;SN;CBAO;2.6;36.11;88.66;605.59;2.68;OK
2024-04;ML;BICIS;9.5;47.2;191.55;681.81;4.36;OK
2024-05;SN;SG;2.76;34.16;195.16;652.83;3.87;OK
2024-05;BJ;BOA;3.22;37.32;153.51;675.03;3.68;OK
2024-05;BF;BDK;4.36;31.71;181.56;609.97;2.05;OK
2024-05;BF;SG;5.77;46.03;163.97;686.53;4.01;OK
2024-05;SN;UBA;7.87;17.95;36.24;695.64;2.39;OK
2024-05;SN;ECOBANK;6.36;29.12;83.81;635.57;4.78;OK
2024-05;ML;BOA;8.69;6.28;129.42;657.93;2.31;OK
2024-05;GW;CBAO;3.5;21.45;39.36;606.27;3.42;OK
2024-05;GW;UBA;3.03;23.49;184.54;682.09;1.5;OK
2024-05;NE;SG;9.07;17.11;138.21;689.12;3.38;OK
2024-05;SN;ECOBANK;7.6;12.34;100.7;1500.0;4.73;Erreur
2024-05;SN;BICIS;9.69;9.93;158.22;679.91;2.11;OK
2024-05;BJ;BHS;3.84;20.77;44.47;623.25;3.25;OK
2024-05;BF;ECOBANK;8.75;47.08;84.87;662.81;4.63;OK
2024-05;SN;BHS;4.28;26.48;96.33;626.58;3.91;OK
2024-05;SN;CBAO;3.97;28.29;173.02;651.38;3.51;OK
2024-05;GW;ECOBANK;2.8;49.79;179.48;609.3;4.71;Erreur
2024-05;CI;BHS;5.78;19.23;138.13;634.39;4.49;OK
2024-05;BF;BOA;7.16;13.67;117.64;601.71;2.4;OK
2024-05;BJ;ECOBANK;6.38;33.55;144.52;653.25;1.7;OK
2024-05;BJ;BOA;8.09;27.77;75.32;688.1;2.31;OK
2024-05;BF;CBAO;8.33;14.77;136.4;611.94;4.97;OK
2024-05;TG;BHS;6.42;47.54;161.5;615.52;2.6;OK
2024-05;GW;ECOBANK;6.16;21.3;24.03;612.19;2.2;OK
2024-05;NE;BOA;5.12;-18.82;135.4;697.87;3.89;Erreur
2024-05;NE;BHS;9.08;49.76;34.33;648.49;4.64;OK
2024-05;BF;BHS;5.65;25.28;165.93;699.99;3.46;OK
2024-05;GW;BOA;8.03;9.38;183.02;682.76;2.77;OK
2024-05;NE;SG;4.39;39.73;86.93;698.6;1.66;OK
2024-05;TG;BICIS;2.58;17.6;193.7;682.55;4.73;OK
2024-05;NE;SG;6.28;40.65;26.28;601.21;2.48;OK
2024-06;TG;SG;8.54;45.47;133.79;652.08;1.9;OK
2024-06;GW;BHS;4.68;30.85;40.23;696.87;3.09;Erreur
2024-06;BJ;BDK;4.18;24.49;47.1;645.19;3.04;OK
2024-06;TG;BDK;3.71;17.12;85.9;634.14;3.02;OK
2024-06;SN;BICIS;4.67;41.63;67.63;651.52;2.28;OK
2024-06;BJ;BHS;4.96;16.0;36.77;620.13;3.58;OK
2024-06;CI;BDK;3.57;17.4;29.69;612.91;1.93;OK
2024-06;BJ;CBAO;3.85;34.61;142.47;673.07;2.9;OK
2024-06;GW;BICIS;3.82;19.42;25.94;694.58;2.04;OK
2024-06;TG;SG;4.77;46.98;72.31;691.57;4.49;OK
2024-06;SN;ECOBANK;8.75;30.39;23.97;628.62;2.13;OK
2024-06;BF;BHS;8.38;22.72;153.94;638.44;2.53;OK
2024-06;GW;BICIS;7.33;9.45;177.73;655.72;3.36;OK
2024-06;BJ;BDK;6.87;45.15;184.0;607.52;1.7;OK
2024-06;SN;BOA;7.91;47.11;171.64;667.67;4.52;OK
2024-06;SN;BHS;8.12;16.25;29.8;611.87;1.93;OK
2024-06;ML;BICIS;3.25;29.98;51.35;606.89;1.67;OK
2024-06;CI;CBAO;5.1;38.11;93.24;604.34;4.64;OK
2024-06;BF;UBA;50.0;35.42;61.98;638.84;2.5;Erreur
2024-06;GW;BICIS;8.75;12.0;26.36;639.42;3.59;OK
2024-06;BF;CBAO;8.15;20.58;192.06;686.48;2.74;OK
2024-06;TG;BOA;6.32;8.28;87.09;644.51;4.2;OK
2024-06;BF;SG;5.91;31.18;38.21;636.62;3.9;OK
2024-06;ML;BHS;5.58;33.17;72.19;619.08;3.62;OK
2024-06;BJ;BDK;4.77;47.98;135.35;601.81;3.6;OK
2024-06;ML;SG;5.45;44.31;99.43;600.98;4.78;OK
2024-06;BF;BDK;8.9;32.07;25.71;687.88;3.96;OK
2024-06;GW;SG;9.48;44.19;146.85;603.19;4.58;OK
2024-06;GW;BICIS;8.75;46.49;84.07;665.73;1.76;OK
2024-06;GW;SG;8.29;15.97;187.67;611.43;3.28;OK
2024-07;ML;SG;3.65;34.27;164.63;609.16;1.72;OK
2024-07;ML;BOA;5.36;5.7;193.85;653.1;;Erreur
2024-07;BJ;BICIS;5.39;41.4;67.43;613.63;4.19;OK
2024-07;BJ;BHS;9.98;13.85;120.37;614.98;3.04;OK
2024-07;TG;BHS;3.88;48.17;72.95;642.61;4.32;OK
2024-07;SN;UBA;8.42;43.92;50.86;609.0;4.15;OK
2024-07;CI;SG;7.17;42.65;146.13;618.28;3.94;OK
2024-07;TG;BOA;8.11;38.07;132.54;621.74;3.31;OK
2024-07;SN;SG;6.19;15.79;152.61;634.91;3.16;OK
2024-07;ML;UBA;7.1;34.61;43.42;675.65;4.44;OK
2024-07;BJ;SG;4.68;23.8;34.82;690.39;;Erreur
2024-07;NE;BOA;3.57;47.2;30.65;612.51;2.82;OK
2024-07;TG;CBAO;5.42;44.85;61.83;638.28;1.51;OK
2024-07;GW;BHS;5.87;19.34;112.62;641.67;4.04;OK
2024-07;CI;BOA;6.81;23.2;103.96;640.88;4.59;OK
2024-07;NE;ECOBANK;3.34;29.3;175.9;637.22;1.58;OK
2024-07;TG;UBA;8.22;6.7;82.04;696.26;2.79;OK
2024-07;TG;BDK;4.46;29.96;152.2;675.63;2.19;OK
2024-07;NE;BOA;7.32;15.0;156.24;628.48;4.16;OK
2024-07;NE;BICIS;6.59;19.8;166.89;653.77;1.53;OK
2024-07;NE;BHS;7.64;22.55;65.8;667.53;4.1;OK
2024-07;GW;BHS;4.17;43.53;112.81;653.8;3.79;OK
2024-07;BF;BICIS;5.81;45.08;159.24;674.81;2.1;OK
2024-07;SN;SG;7.81;40.11;23.53;670.14;2.31;OK
2024-07;BF;BICIS;6.04;19.86;196.85;668.31;3.58;OK
2024-07;BJ;SG;3.63;23.64;90.52;641.4;4.69;OK
2024-07;ML;UBA;8.67;47.45;63.46;685.1;2.7;OK
2024-07;GW;CBAO;3.11;29.47;142.79;644.39;1.94;OK
2024-07;SN;BHS;2.95;27.21;23.24;662.98;4.73;OK
2024-07;GW;CBAO;8.85;49.73;33.62;637.57;1.81;OK
2024-07;BF;BOA;9.54;35.86;68.02;664.63;3.44;OK
2024-08;GW;BDK;3.02;21.15;139.87;620.3;4.46;OK
2024-08;ML;BHS;3.36;30.58;54.34;692.0;1.55;OK
2024-08;NE;BICIS;9.9;21.04;52.64;613.92;2.43;OK
2024-08;SN;BICIS;6.13;48.73;81.64;684.68;3.97;OK
2024-08;TG;BHS;9.97;31.52;39.92;609.17;3.58;OK
2024-08;BJ;SG;8.1;40.83;167.01;672.88;1.66;OK
2024-08;SN;BHS;5.01;40.61;74.76;600.39;2.03;OK
2024-08;TG;BHS;9.44;43.91;28.5;693.9;4.56;OK
2024-08;SN;UBA;3.61;40.17;65.63;685.19;1.8;OK
2024-08;TG;UBA;50.0;22.91;108.7;641.8;3.46;Erreur
2024-08;CI;BDK;9.33;8.11;92.31;673.21;4.92;OK
2024-08;BF;ECOBANK;6.31;43.11;160.35;635.19;4.14;OK
2024-08;ML;BICIS;9.61;5.77;80.52;694.61;1.89;OK
2024-08;SN;BHS;9.58;36.23;39.33;635.8;1.99;OK
2024-08;BJ;UBA;9.7;43.37;55.36;667.61;4.05;OK
2024-08;ML;SG;7.89;44.52;96.99;694.53;3.08;OK
2024-08;BJ;BICIS;3.3;39.29;137.49;643.12;3.65;OK
2024-08;ML;BICIS;6.49;10.79;181.48;654.88;2.37;OK
2024-08;ML;CBAO;5.03;33.14;185.42;678.76;3.51;OK
2024-08;SN;BDK;9.61;10.6;64.16;684.24;4.23;OK
2024-08;ML;CBAO;3.26;44.45;163.14;668.15;2.4;OK
2024-08;BF;ECOBANK;8.15;23.05;110.08;670.62;4.36;OK
2024-08;TG;BICIS;6.37;36.22;191.42;699.32;3.47;OK
2024-08;CI;UBA;8.13;35.28;192.53;659.29;2.93;OK
2024-08;BJ;BDK;5.33;20.49;24.7;683.21;2.06;OK
2024-08;CI;BDK;2.99;41.67;76.74;614.17;4.85;OK
2024-08;BF;CBAO;9.17;48.58;187.35;668.71;2.29;OK
2024-08;GW;CBAO;8.45;36.59;29.21;677.37;4.6;OK
2024-08;GW;UBA;8.42;15.77;102.21;652.37;1.71;OK
2024-08;SN;BOA;6.6;16.39;55.28;674.43;2.31;OK
2024-08;BF;BHS;8.3;36.8;50.18;623.8;2.49;OK
2024-09;NE;BDK;3.02;8.32;103.07;675.78;3.11;OK
2024-09;CI;BICIS;7.23;46.41;182.99;660.79;3.47;OK
2024-09;SN;BOA;6.91;30.51;135.34;693.88;1.68;OK
2024-09;BJ;SG;4.12;48.58;116.17;640.76;2.64;OK
2024-09;GW;ECOBANK;2.57;6.54;112.6;694.84;2.96;Erreur
2024-09;SN;ECOBANK;3.31;31.38;35.23;698.49;2.78;OK
2024-09;CI;BOA;2.83;33.38;155.58;661.75;2.39;OK
2024-09;SN;BDK;4.94;32.9;151.65;615.2;1.94;OK
2024-09;BF;BICIS;4.97;37.34;114.04;671.02;2.77;OK
2024-09;CI;ECOBANK;6.9;15.75;68.43;633.01;1.73;OK
2024-09;NE;UBA;7.18;8.14;154.07;667.69;3.64;OK
2024-09;BF;BICIS;2.83;22.97;159.57;652.32;1.68;OK
2024-09;BJ;UBA;3.52;18.72;133.77;634.73;3.68;OK
2024-09;BF;BICIS;3.47;8.15;120.08;638.51;4.68;OK
2024-09;BJ;BOA;3.72;5.89;194.0;606.17;4.79;OK
2024-09;BF;BOA;9.07;8.03;93.0;639.83;3.78;OK
2024-09;BJ;BICIS;9.38;18.14;188.04;638.41;2.59;OK
2024-09;TG;BICIS;7.81;30.65;38.97;657.29;4.57;OK
2024-09;NE;CBAO;7.47;24.9;22.81;656.01;3.12;OK
2024-09;CI;SG;3.04;18.73;96.55;602.16;2.65;OK
2024-09;BJ;BHS;6.25;20.16;157.02;665.28;3.8;OK
2024-09;BJ;SG;6.75;41.51;156.62;630.33;2.78;OK
2024-09;NE;BHS;8.91;36.64;85.91;623.16;3.82;OK
2024-09;ML;BICIS;8.74;22.22;194.41;1500.0;2.99;Erreur
2024-09;TG;CBAO;2.79;44.82;114.33;640.6;4.79;OK
2024-09;BJ;SG;8.76;26.18;99.75;683.14;3.89;Erreur
2024-09;CI;UBA;7.76;40.67;86.38;616.4;2.06;OK
2024-09;ML;BHS;7.45;36.79;30.1;647.47;3.86;OK
2024-09;SN;BICIS;4.76;17.01;64.64;653.05;4.36;OK
2024-09;CI;BDK;4.4;40.08;175.93;660.05;2.98;OK
2024-10;NE;ECOBANK;7.89;43.43;132.52;665.13;3.69;OK
2024-10;NE;CBAO;8.5;28.56;129.69;672.79;2.36;OK
2024-10;TG;ECOBANK;3.96;32.92;116.19;627.97;4.57;OK
2024-10;NE;BICIS;3.25;14.36;159.03;606.05;2.68;OK
2024-10;CI;BHS;3.53;20.92;160.14;662.85;3.58;OK
2024-10;GW;CBAO;7.65;21.55;62.52;647.37;4.0;OK
2024-10;CI;CBAO;3.59;17.78;112.67;666.93;2.02;OK
2024-10;ML;ECOBANK;5.48;25.11;32.37;689.27;2.79;OK
2024-10;NE;BHS;3.85;23.83;160.44;613.97;2.26;OK
2024-10;NE;ECOBANK;6.33;35.51;178.99;686.87;2.41;OK
2024-10;ML;UBA;5.93;39.84;72.59;699.64;4.06;OK
2024-10;NE;BOA;8.38;42.06;116.16;673.01;3.24;OK
2024-10;GW;SG;6.47;12.57;128.29;607.59;2.18;OK
2024-10;GW;SG;4.05;7.95;83.46;678.77;4.08;Erreur
2024-10;GW;BHS;7.73;29.69;121.19;641.01;2.63;OK
2024-10;BJ;SG;9.54;37.77;116.19;642.44;1.8;OK
2024-10;CI;CBAO;9.12;37.66;42.02;611.31;3.78;OK
2024-10;GW;CBAO;3.63;45.12;160.28;638.67;2.26;OK
2024-10;BF;BDK;6.02;5.2;24.84;685.3;2.74;OK
2024-10;TG;CBAO;8.13;19.97;157.35;681.04;4.4;Erreur
2024-10;CI;UBA;6.47;5.15;45.7;649.25;3.09;OK
2024-10;BJ;ECOBANK;6.61;33.12;87.15;661.9;1.71;OK
2024-10;BJ;BHS;8.09;36.61;38.89;690.93;4.28;OK
2024-10;BJ;CBAO;5.67;43.13;148.33;658.98;2.92;OK
2024-10;BF;ECOBANK;4.03;30.81;181.88;609.86;4.92;Erreur
2024-10;TG;UBA;8.23;12.53;91.57;644.95;4.4;OK
2024-10;BF;BHS;3.42;34.33;77.78;610.45;2.29;OK
2024-10;TG;SG;7.3;36.4;143.81;629.99;2.59;OK
2024-10;TG;BOA;6.2;49.07;167.8;660.76;2.57;OK
2024-10;BF;BHS;6.12;36.51;159.55;671.06;1.51;Erreur
2024-10;TG;BDK;6.34;28.24;45.29;615.32;4.32;OK
2024-11;CI;BOA;9.92;35.53;104.76;687.01;4.67;OK
2024-11;BJ;BHS;7.42;46.45;144.02;655.26;3.98;OK
2024-11;CI;ECOBANK;3.08;10.97;68.37;613.3;4.8;OK
2024-11;NE;BDK;6.61;35.51;179.9;631.48;2.26;OK
2024-11;TG;BICIS;4.76;40.51;114.32;609.48;4.01;OK
2024-11;BF;CBAO;8.61;8.89;134.81;1500.0;4.5;Erreur
2024-11;TG;UBA;9.37;15.7;44.91;663.26;2.66;OK
2024-11;TG;UBA;9.61;31.25;87.56;625.12;4.12;OK
2024-11;CI;BICIS;8.33;44.23;142.59;671.98;2.5;OK
2024-11;CI;ECOBANK;6.63;36.0;186.11;666.87;4.72;OK
2024-11;NE;BICIS;4.42;21.44;134.05;653.94;2.64;OK
2024-11;ML;SG;8.01;36.92;68.65;684.62;4.2;OK
2024-11;CI;BICIS;2.71;39.26;152.03;653.82;2.93;OK
2024-11;BF;ECOBANK;5.62;11.85;177.08;661.75;2.97;OK
2024-11;BF;ECOBANK;4.06;25.77;93.92;682.92;2.61;Erreur
2024-11;NE;BDK;5.13;13.37;157.11;610.13;2.78;OK
2024-11;ML;SG;8.03;35.99;81.68;616.17;3.64;OK
2024-11;BJ;UBA;2.7;42.22;165.15;631.19;2.07;OK
2024-11;SN;BOA;5.74;21.61;58.53;650.67;4.54;OK
2024-11;NE;BOA;5.33;34.45;168.68;668.33;2.3;OK
2024-11;SN;UBA;6.02;15.59;67.09;614.47;1.58;OK
2024-11;TG;BDK;5.78;5.37;182.87;645.52;4.37;OK
2024-11;GW;ECOBANK;5.57;34.49;74.61;656.43;4.8;OK
2024-11;SN;SG;8.86;5.86;177.17;687.58;2.39;OK
2024-11;ML;BDK;6.21;22.75;154.62;619.21;3.82;OK
2024-11;SN;BICIS;8.21;16.23;142.44;644.09;1.99;OK
2024-11;BF;BICIS;6.97;39.28;112.58;648.56;4.93;OK
2024-11;CI;CBAO;8.29;16.18;113.39;613.63;2.05;OK
2024-11;BJ;SG;6.81;23.11;145.39;665.45;3.53;OK
2024-11;BJ;CBAO;7.64;-37.03;178.81;674.51;3.49;Erreur
2024-12;GW;SG;4.91;5.71;174.77;601.94;2.36;OK
2024-12;ML;BICIS;9.79;34.89;172.45;614.47;4.92;OK
2024-12;TG;ECOBANK;8.77;31.46;145.96;666.83;2.77;OK
2024-12;BF;BDK;9.0;22.59;128.48;689.89;2.83;OK
2024-12;NE;BICIS;9.99;33.33;27.24;698.9;2.62;OK
2024-12;BJ;UBA;3.32;30.14;145.98;687.77;3.98;OK
2024-12;BF;BICIS;7.04;33.19;191.06;639.74;3.3;OK
2024-12;BF;ECOBANK;7.47;38.72;97.19;633.97;1.54;OK
2024-12;NE;BOA;7.14;41.99;88.88;626.98;3.64;OK
2024-12;SN;ECOBANK;50.0;49.77;173.77;626.18;2.7;Erreur
2024-12;ML;BDK;6.8;16.58;130.22;641.55;3.85;OK
2024-12;TG;CBAO;7.55;7.33;74.72;631.74;1.83;OK
2024-12;SN;BOA;9.18;27.11;87.54;643.17;4.31;OK
2024-12;SN;BDK;9.63;21.34;136.55;625.13;2.35;OK
2024-12;NE;UBA;2.91;23.41;117.14;616.43;1.65;OK
2024-12;BF;CBAO;9.73;41.03;148.43;698.09;3.99;OK
2024-12;BJ;CBAO;3.85;34.52;44.61;654.9;2.07;OK
2024-12;SN;ECOBANK;9.75;30.43;105.39;698.58;1.75;OK
2024-12;SN;SG;5.56;9.95;74.88;627.8;3.45;OK
2024-12;SN;CBAO;3.91;21.43;87.78;654.83;4.89;OK
2024-12;ML;ECOBANK;8.19;12.28;78.59;607.28;2.94;OK
2024-12;CI;ECOBANK;4.26;25.79;26.06;635.1;3.51;OK
2024-12;BF;SG;4.72;22.02;60.27;615.22;4.95;OK
2024-12;TG;SG;9.76;45.48;106.3;667.75;2.75;OK
2024-12;SN;UBA;5.97;9.24;36.55;600.3;4.14;OK
2024-12;GW;BDK;5.47;31.24;67.8;656.36;1.91;OK
2024-12;BF;BICIS;6.69;14.74;167.71;677.57;1.54;OK
2024-12;TG;SG;6.01;35.19;195.47;647.67;2.87;OK
2024-12;SN;UBA;7.67;42.13;183.74;606.43;4.83;OK
2024-12;NE;BHS;9.23;16.8;173.61;694.58;4.41;OK
2024-12;BJ;CBAO;8.06;42.49;102.51;677.56;1.79;OK
2025-01;ML;SG;3.34;11.38;150.52;633.14;1.65;OK
2025-01;BF;BHS;5.37;30.44;144.65;622.49;3.64;OK
2025-01;BJ;BICIS;8.0;18.91;166.63;680.94;2.52;OK
2025-01;TG;BHS;3.97;23.97;106.67;692.77;3.31;OK
2025-01;CI;BHS;9.89;8.16;143.65;679.56;4.57;OK
2025-01;CI;BDK;9.95;44.65;192.37;632.79;4.5;OK
2025-01;BJ;BHS;9.59;41.52;117.24;652.05;3.82;OK
2025-01;CI;SG;9.59;26.94;165.74;636.65;1.86;OK
2025-01;GW;UBA;9.78;19.74;47.47;605.84;4.03;OK
2025-01;SN;CBAO;7.04;14.25;191.16;652.49;2.71;OK
2025-01;GW;BICIS;3.83;43.92;86.25;667.78;2.07;OK
2025-01;TG;BICIS;9.29;43.61;147.36;632.18;3.13;OK
2025-01;BJ;UBA;7.65;36.56;198.09;603.37;4.37;OK
2025-01;SN;BDK;3.23;38.5;183.99;618.53;2.76;OK
2025-01;NE;SG;4.89;31.61;142.05;629.75;2.75;OK
2025-01;NE;BICIS;4.64;33.25;66.38;646.41;3.45;OK
2025-01;BF;UBA;5.27;28.19;67.99;637.47;2.16;OK
2025-01;BF;BHS;7.32;5.97;150.1;655.6;3.53;Erreur
2025-01;GW;BOA;7.74;48.0;187.03;688.22;2.28;OK
2025-01;SN;CBAO;3.0;13.8;140.27;699.81;3.49;OK
2025-01;CI;SG;2.51;9.88;83.62;697.41;3.77;OK
2025-01;NE;BHS;8.02;20.61;26.88;680.19;3.76;OK
2025-01;GW;BICIS;9.49;23.84;45.74;662.0;2.71;OK
2025-01;ML;BDK;7.74;20.56;120.28;1500.0;4.5;Erreur
2025-01;BF;BHS;5.28;34.4;194.35;689.29;4.7;OK
2025-01;ML;SG;3.74;20.84;198.7;612.04;2.66;OK
2025-01;GW;BDK;6.11;32.46;64.0;613.71;4.36;OK
2025-01;BJ;BHS;8.32;42.19;45.25;690.15;3.73;OK
2025-01;BF;SG;9.41;28.66;176.17;664.37;4.64;OK
2025-01;BF;BICIS;6.07;40.27;155.24;684.36;4.81;OK
2025-01;ML;UBA;4.78;46.13;119.52;654.52;4.0;OK
2025-02;CI;BICIS;8.74;15.35;193.01;633.44;4.08;OK
2025-02;SN;BHS;4.66;37.28;41.98;670.68;2.06;OK
2025-02;NE;BOA;5.88;39.03;105.55;691.46;4.97;OK
2025-02;ML;BICIS;3.98;-45.17;174.3;623.55;1.65;Erreur
2025-02;TG;SG;5.79;21.22;108.78;613.62;4.2;OK
2025-02;BF;UBA;2.68;30.78;174.84;617.77;2.45;OK
2025-02;BF;CBAO;8.84;24.71;30.95;687.4;3.9;OK
2025-02;SN;BHS;7.64;37.04;109.65;621.64;4.37;OK
2025-02;GW;BOA;5.81;13.73;173.27;627.25;4.3;OK
2025-02;TG;SG;9.62;35.74;161.93;606.19;4.03;OK
2025-02;SN;UBA;3.26;13.68;179.39;655.78;1.95;OK
2025-02;GW;BICIS;7.67;27.39;132.38;649.94;4.8;OK
2025-02;BF;UBA;3.89;40.43;89.67;625.43;2.35;OK
2025-02;SN;BOA;7.66;43.39;28.53;634.83;4.35;OK
2025-02;GW;CBAO;3.9;18.45;156.83;662.13;1.67;OK
2025-02;BF;UBA;6.98;48.86;185.62;693.15;1.74;OK
2025-02;SN;BDK;7.32;32.12;157.74;640.63;3.41;OK
2025-02;CI;ECOBANK;6.36;38.54;94.09;617.81;4.2;OK
2025-02;BF;SG;7.13;21.63;96.1;665.08;1.8;OK
2025-02;ML;BDK;3.46;18.97;192.39;675.17;4.4;OK
2025-02;NE;ECOBANK;3.31;45.62;23.02;1500.0;2.65;Erreur
2025-02;BJ;BICIS;9.52;39.74;112.42;664.23;3.25;OK
2025-02;ML;BDK;2.59;17.54;180.13;697.37;2.94;OK
2025-02;SN;CBAO;5.27;47.28;105.0;656.21;4.32;OK
2025-02;NE;BHS;7.29;11.9;66.6;675.6;2.24;OK
2025-02;TG;BHS;9.26;39.36;66.76;687.53;4.62;OK
2025-02;BF;BICIS;6.84;31.59;167.3;1500.0;1.99;Erreur
2025-02;SN;CBAO;6.82;46.11;88.12;684.21;3.4;OK
2025-03;GW;BDK;2.51;6.26;51.24;667.28;1.52;OK
2025-03;TG;SG;3.58;44.59;164.87;646.56;4.51;OK
2025-03;SN;BICIS;4.2;26.64;82.26;680.32;3.44;OK
2025-03;BF;BHS;5.81;47.55;62.17;607.5;3.44;OK
2025-03;ML;CBAO;4.26;13.45;27.05;683.45;4.57;OK
2025-03;BF;BICIS;7.12;20.47;144.73;624.91;4.69;OK
2025-03;NE;BOA;9.44;43.55;154.16;610.14;3.71;OK
2025-03;TG;BDK;2.57;47.65;199.27;693.25;3.58;OK
2025-03;BF;ECOBANK;9.05;28.31;191.21;1500.0;3.1;Erreur
2025-03;TG;CBAO;8.53;36.67;47.74;626.13;3.23;OK
2025-03;NE;SG;6.2;39.53;137.93;636.82;1.54;OK
2025-03;NE;BHS;3.64;31.63;34.59;626.46;2.28;OK
2025-03;NE;UBA;5.98;29.35;177.57;676.94;1.57;OK
2025-03;GW;SG;6.33;5.35;188.62;697.71;3.45;OK
2025-03;NE;SG;9.83;29.56;121.64;649.09;3.88;OK
2025-03;BF;UBA;7.16;46.0;138.11;658.75;4.06;OK
2025-03;ML;ECOBANK;6.53;49.17;109.36;678.6;2.41;OK
2025-03;TG;SG;7.47;30.61;50.51;652.89;3.03;OK
2025-03;TG;BHS;2.72;30.15;162.74;699.13;2.68;OK
2025-03;CI;UBA;6.61;24.05;155.81;657.13;3.57;OK
2025-03;SN;BDK;5.65;23.12;74.34;678.68;4.6;OK
2025-03;BJ;SG;3.17;24.89;76.78;622.43;3.7;OK
2025-03;CI;BOA;8.34;13.58;128.33;635.38;2.68;OK
2025-03;GW;UBA;4.75;44.14;50.54;671.82;2.52;OK
2025-03;GW;UBA;5.45;5.51;79.2;612.12;4.65;OK
2025-03;SN;BICIS;6.68;41.69;127.45;664.06;4.88;Erreur
2025-03;ML;BDK;6.72;30.6;63.0;635.2;3.38;OK
2025-03;CI;BOA;3.87;19.47;140.74;631.54;4.59;OK
2025-03;CI;SG;5.86;23.28;92.69;616.0;4.48;OK
2025-03;ML;UBA;9.69;22.43;197.47;648.87;2.59;OK
2025-03;ML;ECOBANK;8.41;40.53;62.92;674.54;4.06;OK
2025-04;BF;ECOBANK;9.65;17.64;96.6;622.4;2.11;OK
2025-04;NE;ECOBANK;8.69;23.54;24.08;690.15;3.19;OK
2025-04;GW;BDK;6.5;10.09;52.08;674.98;4.62;OK
2025-04;GW;SG;8.58;42.6;152.95;646.62;4.79;OK
2025-04;NE;ECOBANK;9.9;36.4;94.43;604.6;4.4;Erreur
2025-04;BJ;BHS;3.49;14.87;133.33;682.61;1.84;Erreur
2025-04;GW;BICIS;4.76;40.33;114.26;622.34;1.51;OK
2025-04;BF;BHS;3.45;42.68;118.64;682.22;3.14;OK
2025-04;GW;SG;50.0;13.68;143.98;676.15;2.2;Erreur
2025-04;TG;ECOBANK;2.8;23.1;180.48;639.57;4.04;OK
2025-04;CI;ECOBANK;6.05;37.82;185.97;600.12;1.54;OK
2025-04;BF;BDK;7.42;8.27;70.94;692.68;2.04;OK
2025-04;NE;SG;7.65;8.61;159.63;645.21;1.77;OK
2025-04;NE;BICIS;3.58;29.13;125.66;629.28;2.12;OK
2025-04;NE;CBAO;2.51;17.26;172.29;1500.0;2.3;Erreur
2025-04;SN;CBAO;4.74;33.65;174.72;610.7;1.87;OK
2025-04;SN;ECOBANK;9.8;-5.58;184.66;620.91;4.47;Erreur
2025-04;NE;ECOBANK;9.92;11.35;130.74;668.13;4.44;OK
2025-04;BF;BICIS;4.8;36.84;177.73;657.38;3.49;OK
2025-04;TG;UBA;2.54;44.28;178.87;663.52;2.11;OK
2025-04;BJ;BOA;8.78;27.11;165.09;644.67;3.46;OK
2025-04;BF;BHS;8.51;31.95;195.01;678.65;1.7;OK
2025-04;CI;BOA;7.33;45.27;154.62;607.02;3.36;OK
2025-04;BF;CBAO;7.68;28.98;23.72;608.41;1.66;OK
2025-04;BF;BOA;5.76;5.82;166.35;614.26;4.4;OK
2025-04;BJ;BOA;4.25;6.11;59.63;654.8;4.31;OK
2025-04;BF;ECOBANK;6.26;6.02;162.95;661.94;2.05;OK
2025-04;ML;CBAO;6.92;15.19;52.76;668.11;2.69;OK
2025-04;BF;UBA;5.42;18.44;21.18;695.14;3.1;OK
2025-04;SN;BOA;5.0;19.83;30.19;699.29;3.91;OK
2025-05;TG;ECOBANK;9.95;49.59;109.52;687.54;1.91;OK
2025-05;NE;ECOBANK;7.68;30.12;77.44;634.6;4.03;OK
2025-05;GW;BHS;6.35;15.24;50.17;617.23;4.37;OK
2025-05;GW;BDK;4.01;44.69;139.0;609.74;1.9;OK
2025-05;NE;CBAO;9.78;35.9;42.05;601.85;2.59;OK
2025-05;SN;BOA;8.45;24.36;62.59;637.73;1.6;OK
2025-05;ML;BICIS;8.11;40.36;198.15;660.53;1.98;OK
2025-05;NE;BOA;3.36;11.52;66.66;664.08;1.99;OK
2025-05;TG;BHS;3.64;14.0;193.88;687.88;3.86;OK
2025-05;TG;BOA;9.23;34.35;29.26;659.29;4.05;OK
2025-05;TG;BOA;6.98;5.78;132.84;696.18;2.68;OK
2025-05;SN;BHS;2.54;34.96;185.84;614.17;2.82;OK
2025-05;SN;ECOBANK;3.8;8.15;189.21;685.63;1.93;OK
2025-05;TG;BICIS;8.17;48.85;57.4;614.09;4.22;OK
2025-05;BJ;BHS;7.33;49.54;113.9;655.75;2.51;OK
2025-05;CI;CBAO;9.84;22.1;95.21;640.8;3.3;OK
2025-05;GW;UBA;9.5;7.34;111.48;613.61;1.96;OK
2025-05;TG;BOA;9.2;30.89;172.81;683.78;2.77;OK
2025-05;CI;BICIS;3.52;-27.85;196.6;626.15;2.22;Erreur
2025-05;CI;ECOBANK;4.38;28.6;80.95;604.89;2.53;OK
2025-05;SN;CBAO;7.48;21.92;191.3;629.01;3.25;OK
2025-05;CI;BDK;6.26;34.85;142.92;1500.0;4.38;Erreur
2025-05;GW;SG;4.98;45.6;168.28;608.41;2.22;OK
2025-05;ML;CBAO;3.5;32.14;103.32;1500.0;4.07;Erreur
2025-05;ML;BHS;3.02;27.03;77.26;672.03;3.03;OK
2025-05;NE;UBA;6.58;16.0;179.37;658.85;3.53;OK
2025-05;CI;BICIS;8.34;15.03;121.47;633.67;2.86;OK
2025-05;BJ;UBA;2.92;37.01;71.23;674.91;1.86;OK
2025-05;ML;UBA;7.17;47.47;32.1;616.52;1.51;Erreur
2025-05;NE;BHS;4.65;47.49;138.56;635.51;2.39;OK
2025-05;ML;CBAO;7.86;10.67;91.98;617.44;1.85;OK
2025-06;ML;UBA;3.54;47.3;74.61;678.05;4.35;OK
2025-06;TG;CBAO;3.36;18.34;196.54;698.46;4.52;OK
2025-06;BJ;BICIS;7.7;23.32;88.76;684.79;4.14;OK
2025-06;GW;UBA;8.47;23.43;103.61;633.74;2.79;OK
2025-06;ML;UBA;9.18;5.13;161.57;677.64;2.69;OK
2025-06;CI;SG;9.37;44.8;107.67;604.62;2.42;OK
2025-06;NE;BOA;3.06;11.99;188.24;670.56;3.14;OK
2025-06;NE;BHS;2.73;32.59;57.29;643.23;2.38;OK
2025-06;CI;UBA;4.11;28.72;72.36;645.84;3.21;OK
2025-06;NE;BHS;8.38;8.81;145.29;643.59;2.28;OK
2025-06;TG;BICIS;9.82;28.75;92.63;622.22;3.09;OK
2025-06;NE;ECOBANK;6.4;49.42;111.57;696.0;1.89;OK
2025-06;ML;BOA;9.56;26.23;192.28;651.14;4.72;OK
2025-06;TG;BHS;7.17;43.42;76.9;642.95;3.48;OK
2025-06;BJ;SG;6.67;9.48;88.68;695.44;4.71;OK
2025-06;NE;BHS;4.28;42.87;141.31;678.62;3.53;OK
2025-06;GW;BICIS;9.68;9.03;74.93;649.37;4.14;OK
2025-06;SN;UBA;9.95;27.83;92.81;654.24;1.78;OK
2025-06;BJ;ECOBANK;4.09;25.91;37.6;601.29;2.5;OK
2025-06;SN;UBA;6.82;45.86;89.3;671.68;2.44;OK
2025-06;BF;CBAO;6.99;10.98;180.07;690.75;1.79;OK
2025-06;ML;UBA;4.55;27.13;49.25;645.14;2.73;OK
2025-06;BF;BOA;7.79;34.66;40.88;673.96;2.89;OK
2025-06;CI;BHS;8.36;44.86;194.72;615.6;2.59;OK
2025-06;GW;SG;9.46;5.66;42.13;608.4;3.84;OK
2025-06;BJ;BDK;7.6;37.98;66.4;636.24;3.64;OK
2025-06;TG;BICIS;8.9;29.31;61.72;659.65;2.52;OK
2025-06;TG;BICIS;8.14;47.44;140.19;669.54;3.58;OK
2025-06;NE;BDK;9.82;45.75;99.33;641.4;2.03;OK
2025-06;TG;BHS;9.18;13.8;49.25;610.11;1.63;OK
2025-07;ML;BOA;3.04;28.29;79.29;608.92;2.15;OK
2025-07;CI;BOA;7.46;41.25;61.22;661.81;3.52;OK
2025-07;ML;CBAO;5.62;45.69;113.96;625.43;2.49;OK
2025-07;NE;SG;9.61;28.56;39.32;695.63;2.24;OK
2025-07;SN;UBA;4.18;19.3;193.33;661.29;1.59;Erreur
2025-07;GW;CBAO;4.44;22.48;182.29;608.26;1.9;OK
2025-07;NE;BICIS;4.5;38.59;110.97;691.55;3.48;OK
2025-07;NE;UBA;5.29;13.55;68.6;608.97;4.04;OK
2025-07;BF;BDK;6.83;28.71;122.15;691.41;3.34;OK
2025-07;BF;SG;2.65;36.85;70.19;618.96;3.05;OK
2025-07;SN;CBAO;9.05;27.77;60.43;629.75;3.7;OK
2025-07;ML;SG;9.96;33.31;123.85;635.68;2.86;OK
2025-07;SN;SG;3.96;23.66;72.21;647.37;1.55;OK
2025-07;CI;CBAO;4.32;14.28;107.04;663.33;1.68;OK
2025-07;TG;ECOBANK;5.97;17.1;107.27;679.95;1.95;OK
2025-07;NE;BHS;6.34;25.05;167.13;657.71;1.77;OK
2025-07;SN;BDK;9.72;18.0;26.17;634.34;4.48;OK
2025-07;GW;BOA;9.55;12.43;189.03;694.93;3.19;OK
2025-07;BJ;ECOBANK;9.45;27.13;145.17;671.33;2.35;OK
2025-07;NE;SG;7.56;45.93;180.72;699.06;2.21;OK
2025-07;BJ;BHS;2.72;45.55;191.41;659.89;4.54;OK
2025-07;TG;BICIS;8.67;28.71;151.98;632.68;3.92;OK
2025-07;BJ;BICIS;8.79;41.99;86.37;661.74;1.89;OK
2025-07;BJ;UBA;9.74;13.07;53.38;645.64;1.8;OK
2025-07;TG;BDK;9.89;38.65;187.97;627.74;3.84;OK
2025-07;BF;SG;4.84;25.58;140.1;685.98;2.4;OK
2025-07;NE;ECOBANK;3.52;41.94;69.61;620.25;2.01;OK
2025-07;TG;CBAO;7.84;13.97;118.45;646.92;1.63;OK
2025-07;GW;SG;7.75;24.84;126.71;656.79;2.81;OK
2025-07;CI;UBA;9.6;8.85;32.12;695.61;2.29;OK
2025-07;BJ;BICIS;8.27;18.3;180.48;692.48;2.72;OK
2025-08;GW;SG;7.03;-40.35;41.09;683.94;1.74;Erreur
2025-08;GW;BDK;8.57;35.12;196.83;659.2;3.42;OK
2025-08;CI;BHS;9.51;-40.81;169.58;651.43;3.78;Erreur
2025-08;NE;ECOBANK;4.77;48.05;197.44;688.64;3.69;OK
2025-08;CI;UBA;3.83;37.9;151.91;668.83;3.14;OK
2025-08;SN;UBA;6.55;12.98;176.05;620.02;4.11;OK
2025-08;BF;SG;8.87;38.14;111.64;615.83;2.53;OK
2025-08;NE;ECOBANK;6.1;45.11;68.97;644.45;3.62;OK
2025-08;ML;SG;4.74;-45.04;104.02;677.01;4.7;Erreur
2025-08;TG;ECOBANK;5.29;49.96;177.03;613.94;4.67;OK
2025-08;SN;BICIS;4.58;11.22;119.0;603.22;1.83;OK
2025-08;BJ;BOA;5.1;7.84;102.54;652.97;3.68;OK
2025-08;NE;BICIS;6.64;46.73;190.6;655.58;2.52;OK
2025-08;TG;BHS;6.85;37.58;45.88;641.09;2.01;Erreur
2025-08;NE;CBAO;3.31;5.66;35.52;624.37;3.6;OK
2025-08;BJ;BDK;6.51;22.67;147.89;605.98;4.77;OK
2025-08;GW;SG;9.02;38.62;97.4;629.99;2.35;OK
2025-08;ML;BICIS;2.58;33.81;73.67;695.42;3.56;OK
2025-08;ML;UBA;4.72;21.56;52.43;613.05;3.38;OK
2025-08;NE;BOA;9.62;22.68;60.79;686.82;;Erreur
2025-08;SN;UBA;9.3;29.45;137.05;608.7;2.43;OK
2025-08;CI;BDK;8.62;46.35;83.01;606.03;2.32;OK
2025-08;GW;CBAO;2.78;6.25;169.97;600.92;3.71;OK
2025-08;GW;BOA;2.67;24.01;90.96;650.0;2.81;OK
2025-08;BF;BICIS;3.68;41.12;119.42;615.06;1.7;OK
2025-08;NE;ECOBANK;8.16;21.08;83.1;620.52;4.81;OK
2025-08;BJ;BOA;6.54;32.49;121.42;692.08;3.19;OK
2025-08;CI;BICIS;3.84;31.54;54.99;669.98;2.88;OK
2025-08;BF;ECOBANK;6.39;34.35;82.51;660.79;3.05;OK
2025-08;BJ;BICIS;6.29;34.84;91.88;627.38;3.63;OK
2025-08;GW;CBAO;8.45;48.75;172.8;632.3;3.07;OK
2025-09;GW;BHS;2.83;31.74;37.66;632.25;4.11;OK
2025-09;SN;BOA;7.21;41.65;143.84;648.92;2.3;OK
2025-09;TG;BHS;3.72;12.48;190.27;630.34;4.86;OK
2025-09;TG;BHS;7.31;11.55;95.95;603.42;1.96;OK
2025-09;BJ;BICIS;6.32;23.51;198.05;648.25;2.05;OK
2025-09;NE;BOA;4.66;40.44;173.04;676.0;4.21;OK
2025-09;TG;CBAO;9.18;25.96;100.49;626.35;3.22;OK
2025-09;ML;CBAO;3.94;30.97;167.07;658.21;2.96;OK
2025-09;SN;UBA;2.77;15.0;80.44;651.56;2.58;OK
2025-09;TG;SG;4.13;17.34;20.52;670.31;4.25;OK
2025-09;BJ;CBAO;50.0;28.58;54.51;611.9;3.88;Erreur
2025-09;BJ;BOA;6.88;25.89;166.39;696.21;3.52;OK
2025-09;BF;BDK;6.38;22.53;188.7;611.24;3.04;OK
2025-09;TG;BOA;7.0;33.38;51.76;650.7;4.9;OK
2025-09;TG;CBAO;6.8;48.68;131.05;688.25;4.65;OK
2025-09;BJ;CBAO;9.66;44.39;199.59;678.17;3.03;OK
2025-09;TG;BHS;4.36;10.61;174.9;626.91;4.61;OK
2025-09;CI;CBAO;8.29;33.81;64.09;699.57;3.56;OK
2025-09;SN;CBAO;2.8;33.56;108.34;646.32;4.68;OK
2025-09;SN;BOA;8.27;48.06;135.82;626.08;3.48;OK
2025-09;NE;BDK;7.94;25.69;42.91;619.54;2.62;OK
2025-09;BJ;UBA;4.37;16.41;168.15;650.1;4.71;OK
2025-09;GW;CBAO;6.04;40.22;152.4;615.75;2.69;OK
2025-09;SN;BICIS;4.75;12.59;147.97;671.64;3.79;OK
2025-09;GW;BOA;5.1;47.89;165.58;657.97;3.65;OK
2025-09;CI;BHS;5.45;10.05;109.93;635.89;4.04;OK
2025-09;TG;BDK;8.84;31.55;145.58;609.33;4.81;OK
2025-09;CI;UBA;8.85;25.27;23.75;649.28;3.96;OK
2025-09;TG;BDK;6.31;5.64;34.63;665.8;1.74;OK
2025-09;CI;BDK;7.14;40.41;102.55;680.49;4.81;OK
2025-10;GW;BICIS;4.78;26.6;86.52;604.31;2.64;OK
2025-10;ML;UBA;7.89;17.23;66.73;657.92;1.93;OK
2025-10;GW;BDK;4.37;26.84;52.8;1500.0;3.44;Erreur
2025-10;GW;BHS;4.81;13.68;176.37;696.34;3.52;OK
2025-10;SN;ECOBANK;5.33;23.59;106.62;620.62;3.61;OK
2025-10;CI;CBAO;8.64;36.78;75.83;624.27;3.25;OK
2025-10;BJ;SG;5.91;21.44;122.21;619.01;3.61;OK
2025-10;BJ;UBA;9.1;39.63;48.91;617.57;1.93;OK
2025-10;BF;BHS;3.72;22.7;180.16;695.42;1.76;OK
2025-10;ML;UBA;3.05;23.59;141.51;657.04;2.7;OK
2025-10;CI;BOA;9.47;44.37;174.14;611.12;1.5;OK
2025-10;NE;CBAO;9.68;20.83;81.36;633.28;1.57;OK
2025-10;NE;BICIS;9.4;10.75;87.18;609.63;2.49;OK
2025-10;BF;BDK;4.43;31.81;56.11;657.38;1.97;OK
2025-10;SN;CBAO;3.3;28.85;32.09;694.84;3.89;OK
2025-10;GW;BDK;6.11;48.25;175.03;627.93;4.01;OK
2025-10;ML;ECOBANK;2.76;24.14;65.6;638.58;4.01;OK
2025-10;BJ;BHS;4.54;31.42;80.39;657.38;4.7;Erreur
2025-10;ML;SG;3.47;31.65;108.09;623.41;2.79;OK
2025-10;ML;BDK;5.79;15.34;199.96;1500.0;3.1;Erreur
2025-10;ML;CBAO;7.0;48.42;197.14;634.91;4.79;OK
2025-10;BJ;BOA;7.38;11.69;33.28;613.98;1.58;OK
2025-10;BF;BOA;9.83;14.43;32.7;617.33;2.27;OK
2025-10;SN;BDK;4.7;36.93;168.5;628.78;2.62;OK
2025-10;SN;BOA;6.28;26.1;138.57;656.17;4.99;OK
2025-10;CI;BHS;6.79;23.31;105.34;670.86;2.71;OK
2025-10;TG;BOA;3.08;31.23;68.85;671.54;4.24;OK
2025-10;CI;SG;7.36;26.29;187.79;644.65;2.9;OK
2025-10;GW;BICIS;7.36;18.85;163.5;673.66;4.48;OK
2025-10;TG;ECOBANK;5.13;32.64;117.78;654.2;4.66;Erreur
2025-10;TG;BDK;5.38;47.3;114.37;694.45;1.6;OK
2025-11;BJ;SG;9.73;9.3;190.03;662.57;4.03;OK
2025-11;ML;BOA;3.01;5.02;129.18;661.25;3.38;OK
2025-11;SN;BICIS;8.9;28.81;192.77;671.53;4.88;OK
2025-11;CI;BDK;6.63;41.28;126.76;607.8;1.61;OK
2025-11;NE;BOA;6.14;29.1;26.65;680.68;4.65;OK
2025-11;CI;CBAO;5.72;39.97;31.28;640.46;3.77;OK
2025-11;TG;SG;7.77;-18.24;51.51;623.32;3.26;Erreur
2025-11;NE;BOA;3.73;28.94;175.19;648.32;1.72;OK
2025-11;SN;UBA;7.6;17.72;102.09;644.54;1.55;Erreur
2025-11;BJ;BHS;4.21;-29.1;62.96;655.38;2.69;Erreur
2025-11;CI;ECOBANK;8.51;12.38;37.08;609.87;3.18;OK
2025-11;NE;BHS;8.38;6.0;126.65;696.93;3.84;OK
2025-11;GW;BICIS;5.53;13.6;177.96;659.99;2.72;OK
2025-11;BJ;BHS;5.93;38.61;45.59;651.35;4.48;OK
2025-11;BJ;CBAO;9.84;36.93;181.91;684.43;2.55;OK
2025-11;GW;CBAO;3.92;27.72;156.5;657.54;1.63;OK
2025-11;SN;UBA;3.74;44.01;158.97;608.45;3.66;OK
2025-11;TG;BOA;7.91;25.15;84.88;693.65;3.08;OK
2025-11;SN;BHS;6.3;21.0;101.71;1500.0;3.35;Erreur
2025-11;BF;UBA;4.84;40.22;63.31;617.16;4.95;OK
2025-11;NE;SG;3.92;47.0;159.82;699.68;3.54;OK
2025-11;CI;BDK;4.53;-36.17;183.21;623.57;1.52;Erreur
2025-11;TG;ECOBANK;2.68;42.42;118.52;608.76;4.96;OK
2025-11;ML;BOA;6.91;10.91;43.06;644.99;1.76;OK
2025-11;ML;BHS;9.88;44.43;26.85;1500.0;3.34;Erreur
2025-11;CI;UBA;9.32;44.28;148.36;650.26;1.61;OK
2025-11;CI;BICIS;6.95;45.88;196.02;607.84;3.3;OK
2025-11;GW;BHS;7.83;-48.51;168.39;694.71;2.2;Erreur
2025-11;BJ;BICIS;50.0;14.46;45.32;669.95;4.05;Erreur
2025-11;GW;BOA;2.92;10.04;187.83;633.19;4.1;OK
2025-12;CI;UBA;8.64;35.78;52.67;663.04;2.8;OK
2025-12;BJ;SG;50.0;7.85;68.09;674.61;2.24;Erreur
2025-12;SN;BHS;5.46;21.92;21.12;668.94;2.05;OK
2025-12;TG;BDK;2.71;5.0;94.1;681.76;2.99;OK
2025-12;BF;BHS;3.05;47.99;77.74;654.34;2.15;OK
2025-12;BF;BDK;9.67;13.34;183.4;1500.0;1.79;Erreur
2025-12;NE;BDK;4.39;27.8;92.8;688.77;2.3;OK
2025-12;NE;SG;50.0;5.74;144.69;664.45;3.1;Erreur
2025-12;CI;ECOBANK;5.26;7.03;135.49;670.72;2.28;OK
2025-12;TG;BHS;2.65;12.41;177.97;631.17;2.77;OK
2025-12;BF;BOA;9.73;20.79;101.6;664.15;3.48;OK
2025-12;BF;BICIS;5.72;31.85;182.65;645.78;2.94;OK
2025-12;NE;UBA;5.88;35.74;165.31;608.07;3.47;OK
2025-12;ML;BDK;6.7;33.45;56.02;606.88;2.45;OK
2025-12;TG;SG;2.89;20.75;147.42;1500.0;3.22;Erreur
2025-12;CI;BOA;5.12;36.08;194.03;682.18;3.78;OK
2025-12;BF;BICIS;9.94;15.69;164.95;664.59;4.62;OK
2025-12;BJ;CBAO;7.9;19.78;104.47;628.5;2.87;OK
2025-12;BF;UBA;7.19;40.79;35.11;680.53;1.59;OK
2025-12;SN;BDK;9.66;35.0;48.15;693.44;2.28;OK
2025-12;BJ;BDK;4.56;47.65;162.16;604.14;4.95;OK
2025-12;NE;BICIS;4.67;37.54;56.13;679.78;1.74;OK
2025-12;ML;UBA;5.91;17.95;195.88;661.19;;Erreur
2025-12;NE;ECOBANK;5.35;19.52;129.41;694.81;3.29;OK
2025-12;SN;SG;5.58;46.78;93.12;675.94;3.89;OK
2025-12;BJ;BOA;6.92;10.47;173.27;665.21;3.69;OK
2025-12;NE;CBAO;3.3;17.47;83.23;616.1;4.7;OK
2025-12;BF;CBAO;6.15;6.48;184.89;632.31;3.58;OK
2025-12;GW;BOA;5.08;20.6;84.35;670.51;4.57;OK
2025-12;BJ;BDK;8.79;49.52;58.87;680.64;3.17;OK
2025-12;BF;BHS;9.38;7.46;154.46;608.64;2.02;OK
2026-01;TG;BDK;2.74;7.29;23.33;695.88;4.88;OK
2026-01;TG;SG;4.03;20.27;158.01;618.83;1.99;OK
2026-01;NE;BHS;6.78;49.53;38.16;606.34;2.93;OK
2026-01;GW;BHS;4.86;47.1;52.93;628.62;2.27;OK
2026-01;BJ;BICIS;9.39;20.21;65.07;646.57;3.65;OK
2026-01;BF;SG;9.24;24.12;168.22;607.52;2.85;OK
2026-01;BF;ECOBANK;2.79;25.19;180.23;639.21;1.54;Erreur
2026-01;GW;BOA;8.73;43.43;104.25;671.58;4.7;OK
2026-01;BF;UBA;50.0;27.55;63.33;686.05;4.04;Erreur
2026-01;ML;ECOBANK;3.8;11.31;192.17;631.04;4.74;OK
2026-01;GW;ECOBANK;6.99;46.21;115.77;662.11;2.96;OK
2026-01;NE;UBA;5.13;32.55;54.34;694.46;4.14;OK
2026-01;BF;BDK;8.12;33.98;176.42;601.79;1.82;OK
2026-01;BJ;CBAO;4.09;26.86;161.12;651.35;2.38;OK
2026-01;TG;SG;3.53;47.81;128.59;628.13;3.44;OK
2026-01;NE;ECOBANK;8.49;24.55;79.73;693.02;4.13;OK
2026-01;SN;BICIS;4.38;8.16;111.09;656.21;4.14;OK
2026-01;GW;BOA;4.46;24.37;153.68;610.44;1.8;OK
2026-01;TG;BHS;8.45;17.64;60.77;1500.0;2.65;Erreur
2026-01;CI;BHS;5.46;48.86;137.3;603.9;4.74;OK
2026-01;BF;BOA;2.79;8.81;23.26;620.15;2.16;OK
2026-01;CI;BDK;5.31;45.94;160.62;629.71;2.77;OK
2026-01;NE;CBAO;2.76;14.99;32.9;681.39;1.71;OK
2026-01;SN;SG;3.57;32.75;58.91;675.97;2.1;OK
2026-01;ML;CBAO;9.55;17.71;112.1;612.24;4.86;OK
2026-01;TG;CBAO;3.49;34.01;148.57;618.28;3.92;OK
2026-01;NE;UBA;5.92;25.49;124.36;600.77;3.64;OK
2026-01;BJ;SG;2.71;15.51;101.43;635.55;4.29;OK
2026-01;NE;BDK;4.21;8.27;42.99;671.37;2.96;OK
2026-01;GW;BDK;5.12;17.73;23.0;651.49;2.21;OK
2026-01;BF;BICIS;5.83;41.2;58.4;604.15;2.32;OK
2026-02;NE;BHS;8.07;19.84;189.33;690.99;2.14;OK
2026-02;CI;CBAO;7.49;24.49;68.56;688.25;2.2;OK
2026-02;GW;ECOBANK;7.97;-14.06;100.01;661.72;2.31;Erreur
2026-02;CI;ECOBANK;7.8;44.28;192.85;624.69;4.67;OK
2026-02;ML;BICIS;8.29;38.83;73.22;613.95;2.95;OK
2026-02;ML;ECOBANK;5.94;46.09;178.47;620.96;3.27;OK
2026-02;BF;BHS;3.37;32.09;44.92;640.86;3.28;OK
2026-02;NE;SG;50.0;17.69;102.49;661.27;4.78;Erreur
2026-02;BJ;BDK;4.54;6.03;116.75;617.44;2.14;OK
2026-02;BF;ECOBANK;5.68;32.79;46.74;642.96;3.08;OK
2026-02;GW;ECOBANK;5.32;46.26;56.01;639.28;1.71;OK
2026-02;BF;CBAO;4.68;33.09;85.51;633.97;4.32;OK
2026-02;CI;UBA;3.14;32.39;71.96;609.37;4.73;OK
2026-02;TG;BICIS;9.23;42.41;192.27;678.61;1.69;OK
2026-02;TG;BDK;2.56;6.66;111.96;628.04;3.83;OK
2026-02;GW;CBAO;2.96;45.92;136.61;678.05;4.41;OK
2026-02;GW;UBA;4.17;8.09;175.13;658.38;3.48;OK
2026-02;BJ;SG;6.17;32.08;74.28;614.66;1.67;OK
2026-02;BJ;BDK;9.63;40.82;26.14;673.51;4.58;OK
2026-02;BJ;UBA;7.3;34.77;83.3;643.92;3.68;OK
2026-02;ML;BOA;6.56;8.36;184.47;652.89;;Erreur
2026-02;GW;BHS;8.48;40.78;43.86;667.58;2.08;OK
2026-02;NE;BICIS;9.37;36.19;28.5;633.21;3.73;OK
2026-02;GW;CBAO;2.59;31.31;88.7;679.82;3.93;OK
2026-02;ML;BHS;5.04;15.43;164.3;697.89;2.09;OK
2026-02;BF;BDK;4.55;38.33;98.28;623.92;1.6;OK
2026-02;GW;ECOBANK;7.41;20.81;185.8;614.3;4.45;OK
2026-02;GW;CBAO;2.52;44.89;52.87;633.35;2.65;OK
2026-03;SN;BDK;8.6;11.68;91.42;670.36;4.24;OK
2026-03;GW;BOA;4.74;48.3;69.19;674.11;2.99;OK
2026-03;BJ;BICIS;2.75;43.27;67.87;602.47;3.23;Erreur
2026-03;BF;SG;3.1;42.61;170.13;687.07;1.8;OK
2026-03;NE;UBA;8.41;8.99;59.99;672.11;2.1;OK
2026-03;SN;SG;9.44;24.45;176.71;615.2;1.68;OK
2026-03;SN;CBAO;4.64;27.56;146.96;600.76;3.57;OK
2026-03;NE;UBA;3.68;20.8;103.97;663.23;2.52;OK
2026-03;GW;BDK;5.6;9.67;70.18;668.33;3.1;OK
2026-03;NE;CBAO;6.92;26.71;23.49;665.24;4.65;OK
2026-03;TG;BDK;8.38;48.05;63.37;630.18;2.68;OK
2026-03;BF;BOA;6.55;19.66;130.4;640.51;1.51;OK
2026-03;GW;BDK;5.79;33.77;47.68;660.57;2.45;OK
2026-03;TG;BOA;5.58;29.76;146.54;644.65;2.13;OK
2026-03;CI;BOA;3.56;12.4;63.32;647.99;2.2;OK
2026-03;ML;CBAO;3.56;16.76;166.63;624.34;4.19;OK
2026-03;SN;UBA;2.95;13.23;76.65;689.66;3.95;OK
2026-03;CI;ECOBANK;2.62;29.18;61.07;657.27;4.23;OK
2026-03;SN;BDK;5.82;34.97;98.55;613.51;1.69;OK
2026-03;GW;BICIS;9.92;40.12;151.11;605.21;2.69;OK
2026-03;ML;BOA;6.73;25.95;108.77;665.99;1.54;OK
2026-03;TG;BDK;50.0;23.63;31.25;659.9;4.79;Erreur
2026-03;ML;BICIS;8.13;45.85;92.23;647.13;3.93;OK
2026-03;GW;UBA;9.0;30.08;144.44;665.96;4.92;OK
2026-03;BJ;BHS;9.91;7.5;161.01;608.63;1.66;OK
2026-03;ML;BHS;3.07;13.88;102.35;695.01;1.79;OK
2026-03;TG;CBAO;50.0;30.15;73.78;628.8;3.33;Erreur
2026-03;GW;SG;2.8;27.05;149.81;628.79;2.93;OK
2026-03;CI;ECOBANK;7.91;24.61;146.41;618.76;4.43;OK
2026-03;NE;BDK;6.11;8.97;75.0;624.98;4.82;OK
2026-03;NE;BHS;4.12;15.08;32.76;659.75;2.26;OK
2026-04;BF;ECOBANK;4.39;17.82;145.36;686.91;2.47;OK
2026-04;BJ;BOA;9.81;40.97;198.88;621.5;1.55;OK
2026-04;BF;BHS;8.79;48.9;164.04;619.14;4.56;OK
2026-04;ML;BICIS;8.01;23.59;142.1;622.67;1.5;OK
2026-04;BF;UBA;6.48;39.38;100.75;634.21;2.81;OK
2026-04;NE;BOA;5.11;31.96;115.47;690.08;2.89;OK
2026-04;GW;ECOBANK;4.59;35.51;21.32;627.88;2.46;OK
2026-04;GW;BDK;6.73;7.27;167.58;663.46;;Erreur
2026-04;CI;UBA;3.53;15.04;33.21;691.28;4.38;OK
2026-04;ML;BDK;4.94;42.35;146.96;602.09;2.64;Erreur
2026-04;NE;BDK;9.6;10.94;29.48;1500.0;2.19;Erreur
2026-04;ML;BOA;8.85;23.65;96.14;670.99;4.75;OK
2026-04;ML;BICIS;5.67;36.32;59.76;655.83;4.87;OK
2026-04;GW;SG;4.09;27.94;77.98;659.24;2.76;OK
2026-04;BF;SG;7.89;41.29;199.29;667.06;4.27;OK
2026-04;BF;ECOBANK;5.01;46.27;148.9;674.75;2.74;OK
2026-04;ML;BOA;9.82;43.68;135.99;620.54;3.13;Erreur
2026-04;BF;BICIS;7.33;26.71;51.42;625.46;2.51;OK
2026-04;ML;BHS;9.04;10.46;52.72;665.1;2.38;OK
2026-04;GW;ECOBANK;3.4;27.51;95.13;667.6;4.16;OK
2026-04;GW;UBA;3.04;42.05;110.43;630.28;3.57;OK
2026-04;BJ;CBAO;4.83;8.26;65.33;657.26;2.12;OK
2026-04;SN;SG;8.41;5.28;104.9;654.31;;Erreur
2026-04;NE;BHS;6.97;28.15;72.14;619.32;3.07;OK
2026-04;ML;UBA;6.82;27.03;87.32;600.41;4.94;OK
2026-04;BJ;BHS;5.23;30.3;188.85;620.24;4.35;OK
2026-04;BJ;BHS;3.83;45.67;121.93;642.67;4.33;OK
2026-04;CI;BOA;8.04;49.72;191.9;693.76;2.56;OK
2026-04;TG;UBA;5.87;35.02;86.83;678.0;1.8;OK
2026-04;GW;BDK;3.59;29.65;174.24;693.37;4.05;OK
2026-05;CI;CBAO;50.0;8.48;25.39;663.18;4.28;Erreur
2026-05;BJ;BICIS;6.34;43.02;107.68;673.6;2.99;OK
2026-05;BJ;UBA;7.03;40.4;78.88;600.61;4.96;OK
2026-05;BF;BOA;6.01;40.18;110.63;601.68;4.77;OK
2026-05;NE;SG;5.79;-5.84;45.15;649.02;1.59;Erreur
2026-05;ML;UBA;8.58;14.36;120.92;687.46;2.3;OK
2026-05;SN;CBAO;8.97;8.27;21.38;613.07;3.66;OK
2026-05;BF;BDK;5.5;34.35;23.63;674.64;4.64;OK
2026-05;CI;CBAO;9.26;35.31;134.41;633.41;2.15;OK
2026-05;SN;ECOBANK;4.0;41.64;59.76;668.54;1.91;OK
2026-05;ML;BICIS;5.21;21.76;33.7;680.35;2.8;OK
2026-05;SN;SG;9.07;49.87;36.96;677.44;4.26;OK
2026-05;NE;SG;5.98;25.09;67.1;694.81;1.77;OK
2026-05;TG;BICIS;4.58;27.36;186.39;644.05;2.92;OK
2026-05;TG;BOA;3.88;34.88;27.07;680.69;2.81;OK
2026-05;TG;UBA;5.86;25.99;80.64;682.43;3.63;OK
2026-05;ML;UBA;7.81;20.65;182.16;687.76;3.4;OK
2026-05;BJ;ECOBANK;8.06;21.18;165.53;637.04;4.87;OK
2026-05;CI;BHS;3.99;30.62;95.06;667.68;4.75;OK
2026-05;CI;CBAO;4.55;33.73;137.72;654.64;3.75;OK
2026-05;GW;CBAO;8.62;46.55;75.55;604.63;;Erreur
2026-05;ML;UBA;9.15;15.62;47.16;655.09;3.8;OK
2026-05;NE;CBAO;9.59;35.01;67.33;696.3;2.23;OK
2026-05;BJ;BDK;5.34;36.18;31.01;656.53;3.52;OK
2026-05;GW;BDK;9.09;43.51;98.42;625.67;4.81;OK
2026-05;GW;BDK;3.02;45.98;66.96;650.31;3.24;OK
2026-05;GW;BDK;7.77;24.22;25.9;622.93;2.86;OK
2026-05;SN;BDK;6.35;16.85;80.89;649.28;3.65;OK
2026-05;CI;CBAO;5.52;21.18;199.09;674.06;2.91;OK
2026-05;BJ;UBA;8.95;24.56;121.65;629.1;4.4;OK
2026-05;NE;BICIS;5.15;9.46;42.99;655.82;3.99;OK
2026-06;BF;BOA;4.28;43.13;138.3;671.04;4.02;OK
2026-06;ML;ECOBANK;8.54;32.38;22.26;647.81;4.24;OK
2026-06;BJ;CBAO;9.82;18.15;132.08;692.6;3.42;OK
2026-06;BJ;SG;9.56;36.59;163.07;632.58;3.17;Erreur
2026-06;GW;CBAO;8.9;40.07;118.78;615.26;4.15;OK
2026-06;NE;SG;7.48;27.87;74.92;637.58;1.61;OK
2026-06;CI;SG;5.61;47.81;175.26;689.76;2.04;OK
2026-06;BF;BICIS;8.71;43.9;193.22;612.29;1.96;OK
2026-06;TG;SG;5.39;34.55;99.39;695.79;1.67;OK
2026-06;NE;BDK;3.73;9.03;160.14;648.59;1.89;OK
2026-06;GW;SG;5.83;-35.04;95.9;667.12;2.17;Erreur
2026-06;BJ;UBA;2.89;28.7;114.73;624.49;;Erreur
2026-06;NE;BDK;7.98;25.4;106.81;630.98;4.24;OK
2026-06;CI;UBA;4.86;17.6;151.81;696.25;4.9;OK
2026-06;TG;BHS;8.67;-42.26;89.59;626.13;3.77;Erreur
2026-06;BJ;SG;6.89;15.45;185.64;627.91;2.01;OK
2026-06;NE;CBAO;8.76;29.7;49.54;616.97;1.93;OK
2026-06;ML;CBAO;8.25;36.85;73.92;681.76;4.95;OK
2026-06;SN;UBA;4.55;22.47;193.83;674.82;4.13;OK
2026-06;GW;BHS;8.97;20.8;149.43;642.67;2.33;Erreur
2026-06;BF;CBAO;4.37;15.89;193.67;664.02;3.19;OK
2026-06;ML;CBAO;3.15;19.78;88.82;608.59;2.64;OK
2026-06;GW;BOA;7.03;5.72;100.62;624.03;3.25;OK
2026-06;NE;SG;7.8;44.24;50.59;613.27;4.87;OK
2026-06;NE;SG;8.35;33.89;189.98;621.37;2.47;OK
2026-06;ML;ECOBANK;9.19;45.59;20.51;648.43;2.03;OK
2026-06;GW;UBA;9.48;49.9;71.23;690.0;2.6;OK
2026-06;GW;BICIS;4.48;19.64;151.72;660.96;4.37;OK
2026-06;BF;UBA;5.88;38.57;140.11;668.72;4.35;OK
2026-06;BF;BOA;8.6;39.6;126.21;692.82;3.97;OK
2026-07;NE;BOA;3.17;23.06;199.61;696.38;4.62;OK
2026-07;CI;BDK;9.36;43.12;60.58;678.07;4.72;OK
2026-07;TG;CBAO;6.54;42.55;32.91;614.86;3.92;OK
2026-07;NE;SG;5.29;42.0;49.64;646.02;3.16;OK
2026-07;BJ;SG;4.18;26.8;56.07;643.66;4.64;OK
2026-07;CI;BHS;8.63;40.32;103.76;667.28;4.09;OK
2026-07;SN;BICIS;4.13;10.25;25.87;639.33;3.55;OK
2026-07;ML;CBAO;8.22;30.98;94.76;645.36;2.41;OK
2026-07;CI;SG;2.87;45.49;157.1;650.89;3.52;OK
2026-07;ML;BOA;50.0;41.15;96.03;672.92;2.78;Erreur
2026-07;SN;BHS;9.92;32.56;170.4;645.5;3.6;OK
2026-07;GW;SG;3.16;22.87;47.95;691.61;4.81;OK
2026-07;GW;CBAO;9.54;10.57;35.26;609.73;4.97;OK
2026-07;GW;CBAO;2.99;9.96;53.47;647.79;2.29;OK
2026-07;TG;BHS;5.21;-36.37;187.88;686.08;2.55;Erreur
2026-07;GW;SG;50.0;40.14;79.82;675.77;1.61;Erreur
2026-07;BJ;BICIS;9.69;27.12;67.53;623.3;4.08;OK
2026-07;SN;BHS;2.55;-45.47;82.2;639.5;3.03;Erreur
2026-07;BF;BICIS;9.37;40.16;169.92;698.15;2.43;OK
2026-07;TG;BOA;6.84;43.57;31.88;658.65;1.9;OK
2026-07;CI;BOA;9.95;13.55;86.91;650.55;4.21;OK
2026-07;BJ;BICIS;3.3;7.44;175.43;687.41;4.71;OK
2026-07;CI;SG;4.43;35.27;81.44;664.85;3.27;OK
2026-07;TG;UBA;3.63;47.6;154.57;609.95;2.14;OK
2026-07;NE;SG;3.5;40.93;106.69;642.46;4.98;OK
2026-07;BJ;BOA;6.47;6.63;67.28;628.94;3.95;Erreur
2026-07;SN;CBAO;8.91;13.06;99.89;628.72;4.56;OK
2026-07;CI;BHS;3.62;31.31;127.43;617.26;2.96;OK
2026-07;NE;BHS;3.77;37.14;157.93;621.24;2.44;OK
2026-07;BJ;CBAO;7.62;40.91;124.92;691.01;4.68;OK
2026-07;ML;BHS;2.67;11.77;111.54;602.63;3.59;OK
2026-08;CI;BDK;7.62;29.75;61.32;666.66;4.9;OK
2026-08;CI;ECOBANK;9.42;29.88;34.92;646.18;2.31;OK
2026-08;NE;BICIS;3.74;30.85;101.36;648.3;3.79;OK
2026-08;ML;UBA;5.79;33.02;133.68;665.8;3.59;OK
2026-08;GW;BOA;4.92;47.88;163.39;600.77;3.49;OK
2026-08;BJ;BICIS;6.87;24.27;32.26;610.28;3.8;OK
2026-08;BF;UBA;9.77;48.39;68.0;639.71;3.08;OK
2026-08;ML;BHS;3.23;39.18;114.14;652.34;4.96;OK
2026-08;BJ;UBA;9.45;35.1;48.84;644.91;4.63;OK
2026-08;SN;SG;4.53;43.1;37.77;612.9;4.48;OK
2026-08;ML;BDK;3.59;28.69;153.06;675.24;3.38;OK
2026-08;BF;SG;9.87;38.16;171.32;613.68;4.78;OK
2026-08;BF;ECOBANK;8.21;27.48;140.18;683.75;4.98;OK
2026-08;SN;BHS;2.76;40.94;173.83;635.48;2.37;OK
2026-08;ML;ECOBANK;3.98;7.2;72.34;640.66;4.41;OK
2026-08;ML;ECOBANK;2.81;9.32;163.74;645.11;3.35;OK
2026-08;CI;SG;4.52;47.55;97.49;690.38;4.31;OK
2026-08;TG;SG;5.23;41.72;36.86;601.77;2.09;OK
2026-08;CI;BDK;9.91;8.16;167.78;645.56;2.12;OK
2026-08;CI;BOA;3.23;10.43;110.68;665.95;4.39;OK
2026-08;GW;CBAO;8.52;21.34;67.97;658.2;2.96;OK
2026-08;ML;ECOBANK;3.51;38.52;133.81;667.38;4.05;OK
2026-08;ML;UBA;4.35;40.53;149.23;626.54;4.82;OK
2026-08;TG;BHS;3.93;-47.88;66.23;647.91;4.64;Erreur
2026-08;ML;SG;6.68;15.57;69.1;698.68;4.86;OK
2026-08;CI;BHS;6.46;32.84;183.73;627.09;2.51;OK
2026-08;ML;ECOBANK;4.65;17.55;134.15;606.16;2.72;OK
2026-08;TG;ECOBANK;8.86;26.78;181.51;639.86;1.68;OK
2026-08;SN;BDK;6.78;29.76;47.85;620.11;4.79;OK
2026-08;NE;BOA;9.15;17.73;35.34;647.89;2.77;OK
2026-08;GW;BOA;9.21;15.67;161.94;645.14;4.1;OK
2026-09;SN;BOA;9.61;37.56;126.42;665.37;2.74;OK
2026-09;NE;UBA;8.19;13.05;178.71;641.61;4.73;OK
2026-09;SN;BHS;6.39;13.6;135.25;641.83;3.22;OK
2026-09;TG;CBAO;4.95;22.31;152.36;607.18;3.29;OK
2026-09;CI;BHS;6.99;34.22;174.68;631.49;4.01;OK
2026-09;ML;BICIS;5.58;23.87;56.96;609.12;2.89;OK
2026-09;ML;BOA;5.73;42.37;62.24;643.01;2.8;Erreur
2026-09;GW;SG;8.5;34.89;70.04;641.74;2.75;OK
2026-09;BJ;BICIS;2.67;34.71;58.55;621.11;3.4;OK
2026-09;NE;BOA;7.68;15.19;173.99;682.15;2.83;OK
2026-09;BJ;BICIS;7.25;14.21;164.39;640.28;4.53;OK
2026-09;ML;UBA;6.27;22.67;48.7;667.9;2.12;OK
2026-09;BF;UBA;6.95;5.3;38.07;659.4;4.58;OK
2026-09;BJ;UBA;9.47;37.0;156.18;655.26;4.97;OK
2026-09;BJ;BOA;8.26;34.62;87.48;681.46;1.64;OK
2026-09;ML;UBA;4.15;17.32;43.74;630.99;2.56;OK
2026-09;SN;ECOBANK;7.3;42.23;188.29;640.62;3.55;OK
2026-09;CI;UBA;7.73;18.48;101.49;632.46;1.75;OK
2026-09;SN;BHS;8.51;9.66;101.07;696.61;4.56;OK
2026-09;NE;ECOBANK;2.61;16.45;133.18;650.86;2.58;OK
2026-09;BF;CBAO;3.73;29.29;26.7;616.24;2.41;OK
2026-09;NE;ECOBANK;9.8;8.28;151.93;688.24;3.04;Erreur
2026-09;NE;BHS;6.48;23.69;151.95;686.37;1.79;OK
2026-09;NE;BICIS;2.95;13.64;126.15;619.8;2.5;OK
2026-09;BJ;BICIS;4.49;38.33;191.61;662.35;2.51;OK
2026-09;BJ;BOA;7.28;32.08;51.14;667.81;4.96;OK
