ID_Transaction;Date_Transaction;Banque;Montant_Credit;Taux_Interet;État_Créance;Provision;Déclaré_Centrale_Risque;Taux_de_Change;Anomalie
1;2024-01-01 00:00:00;Banque D;17093172;3.38;En Souffrance;25.07;Oui;611.2;0
2;2024-01-01 01:00:00;Banque A;40761617;9.51;Normale;36.77;Oui;652.96;0
3;2024-01-01 02:00:00;Banque C;44845544;7.84;Normale;47.09;Oui;670.64;0
4;2024-01-01 03:00:00;Banque A;48437062;8.82;Normale;1.41;Oui;639.62;0
5;2024-01-01 04:00:00;Banque E;37153891;10.02;Normale;22.3;Oui;612.5;0
6;2024-01-01 05:00:00;Banque B;4652355;7.55;Normale;49.1;Oui;691.38;0
7;2024-01-01 06:00:00;Banque B;28930775;7.67;Normale;;Oui;656.23;1
8;2024-01-01 07:00:00;Banque E;22772778;6.02;Normale;38.66;Oui;625.6;0
9;2024-01-01 08:00:00;Banque C;15645200;2.65;Normale;8.46;Oui;615.71;0
10;2024-01-01 09:00:00;Banque C;3493506;4.97;Normale;6.13;Oui;673.73;0
11;2024-01-01 10:00:00;Banque A;46277648;10.62;Normale;19.93;Oui;626.48;0
12;2024-01-01 11:00:00;Banque C;42025281;9.48;Normale;49.19;Non;659.45;0
13;2024-01-01 12:00:00;Banque B;4064377;4.13;Normale;38.05;Oui;654.71;0
14;2024-01-01 13:00:00;Banque A;43756754;9.88;Normale;32.69;Oui;668.1;0
15;2024-01-01 14:00:00;Banque D;17043383;8.41;Normale;18.66;Non;667.27;0
16;2024-01-01 15:00:00;Banque A;11519107;6.77;Normale;25.61;Oui;620.05;0
17;2024-01-01 16:00:00;Banque D;48653673;5.09;Normale;29.82;Oui;604.32;0
18;2024-01-01 17:00:00;Banque E;3515723;4.09;Normale;44.53;Oui;655.77;0
19;2024-01-01 18:00:00;Banque E;48160115;11.79;Problématique;16.41;Oui;669.09;0
20;2024-01-01 19:00:00;Banque B;49471060;6.04;Normale;24.49;Oui;657.86;0
21;2024-01-01 20:00:00;Banque A;21638435;10.72;Normale;1.7;Oui;688.58;0
22;2024-01-01 21:00:00;Banque B;30288315;10.74;Normale;28.49;Oui;630.99;0
23;2024-01-01 22:00:00;Banque C;17224794;5.29;En Souffrance;5.75;Oui;613.83;0
24;2024-01-01 23:00:00;Banque B;45363830;6.24;Normale;19.54;Oui;609.03;0
25;2024-01-02 00:00:00;Banque B;48853809;2.97;Problématique;9.78;Oui;689.94;0
26;2024-01-02 01:00:00;Banque C;32491384;10.14;Normale;24.06;Oui;655.91;0
27;2024-01-02 02:00:00;Banque A;48790275;11.17;Normale;32.66;Oui;605.8;0
28;2024-01-02 03:00:00;Banque E;37804650;8.89;Normale;25.29;Oui;647.84;0
29;2024-01-02 04:00:00;Banque A;4498168;7.87;Normale;14.77;Oui;604.23;0
30;2024-01-02 05:00:00;Banque C;36558086;3.3;Normale;41.01;Oui;605.38;0
31;2024-01-02 06:00:00;Banque A;28553365;5.36;Inconnu;16.93;Non;615.0;1
32;2024-01-02 07:00:00;Banque C;15292341;9.39;Normale;20.17;Oui;637.4;0
33;2024-01-02 08:00:00;Banque B;47783777;9.44;Normale;46.83;Oui;603.4;0
34;2024-01-02 09:00:00;Banque E;33948062;8.74;Normale;37.33;Oui;625.84;0
35;2024-01-02 10:00:00;Banque D;7877946;10.89;En Souffrance;43.77;Oui;615.21;0
36;2024-01-02 11:00:00;Banque C;4477610;10.38;Normale;43.87;Oui;697.48;0
37;2024-01-02 12:00:00;Banque B;15252727;7.4;Normale;2.35;Oui;686.43;0
38;2024-01-02 13:00:00;Banque D;19848347;7.87;Normale;23.05;Oui;655.49;0
39;2024-01-02 14:00:00;Banque C;37300083;7.29;Normale;5.2;Oui;668.57;0
40;2024-01-02 15:00:00;Banque B;49513870;6.45;En Souffrance;32.5;Oui;633.66;0
41;2024-01-02 16:00:00;Banque A;5107020;8.98;Normale;26.78;Non;645.4;0
42;2024-01-02 17:00:00;Banque E;33177253;10.63;Normale;24.17;Oui;608.09;0
43;2024-01-02 18:00:00;Banque A;18491070;4.21;Normale;7.76;Oui;613.38;0
44;2024-01-02 19:00:00;Banque D;-17159566;8.0;Normale;42.65;Oui;696.62;1
45;2024-01-02 20:00:00;Banque C;4058041;5.03;Problématique;36.49;Oui;676.83;0
46;2024-01-02 21:00:00;Banque E;41882835;4.9;Normale;27.76;Oui;629.21;0
47;2024-01-02 22:00:00;Banque D;30609709;4.21;Normale;23.93;Oui;682.77;0
48;2024-01-02 23:00:00;Banque B;24724664;8.64;Normale;16.05;Oui;684.16;0
49;2024-01-03 00:00:00;Banque E;4720157;5.59;Normale;45.34;Oui;650.89;0
50;2024-01-03 01:00:00;Banque E;35857134;4.82;Normale;10.48;Oui;601.86;0
51;2024-01-03 02:00:00;Banque C;1309473;5.33;Normale;4.19;Oui;602.68;0
52;2024-01-03 03:00:00;Banque D;28942479;7.56;Normale;38.11;Oui;656.43;0
53;2024-01-03 04:00:00;Banque C;39482955;9.76;Problématique;23.51;Oui;625.27;0
54;2024-01-03 05:00:00;Banque D;49121724;7.09;Normale;7.79;Non;675.66;0
55;2024-01-03 06:00:00;Banque E;2190479;5.77;Normale;19.0;Oui;683.99;0
56;2024-01-03 07:00:00;Banque D;13363418;8.25;En Souffrance;48.93;Non;616.09;1
57;2024-01-03 08:00:00;Banque B;5799686;3.68;Normale;22.9;Oui;636.8;0
58;2024-01-03 09:00:00;Banque C;5509384;9.4;Normale;31.04;Oui;645.93;0
59;2024-01-03 10:00:00;Banque C;48018415;8.05;En Souffrance;14.18;Oui;656.89;0
60;2024-01-03 11:00:00;Banque E;38263369;11.45;Problématique;19.61;Oui;693.59;0
61;2024-01-03 12:00:00;Banque C;18161765;6.38;Normale;1.9;Oui;650.15;0
62;2024-01-03 13:00:00;Banque C;9604417;8.47;Normale;0.5;Oui;698.75;0
63;2024-01-03 14:00:00;Banque B;17859320;4.98;En Souffrance;18.22;Peut-être;631.57;1
64;2024-01-03 15:00:00;Banque A;49324954;11.39;Problématique;47.11;Oui;693.32;0
65;2024-01-03 16:00:00;Banque E;37461336;8.86;Normale;17.16;Oui;642.32;0
66;2024-01-03 17:00:00;Banque E;47906677;6.35;En Souffrance;46.42;Oui;696.74;0
67;2024-01-03 18:00:00;Banque D;20310572;7.02;En Souffrance;33.93;Oui;621.88;0
68;2024-01-03 19:00:00;Banque C;14601797;4.83;En Souffrance;36.96;Oui;677.82;0
69;2024-01-03 20:00:00;Banque C;20073177;6.55;Normale;43.87;Oui;686.83;0
70;2024-01-03 21:00:00;Banque A;43630458;7.77;Normale;42.01;Oui;661.26;0
71;2024-01-03 22:00:00;Banque D;12801505;9.42;Normale;41.42;Oui;602.35;0
72;2024-01-03 23:00:00;Banque A;-37190924;5.68;En Souffrance;3.73;Oui;684.9;1
73;2024-01-04 00:00:00;Banque C;20936701;4.43;En Souffrance;21.59;Oui;665.68;0
74;2024-01-04 01:00:00;Banque D;35275493;4.22;Normale;48.52;Oui;648.98;0
75;2024-01-04 02:00:00;Banque D;48392348;8.81;Normale;47.57;Oui;659.79;1
76;2024-01-04 03:00:00;Banque B;32311713;11.14;Normale;45.33;Oui;693.86;0
77;2024-01-04 04:00:00;Banque B;34971955;7.38;Normale;2.96;Oui;699.21;0
78;2024-01-04 05:00:00;Banque A;27262438;2.55;Problématique;21.57;Oui;673.46;0
79;2024-01-04 06:00:00;Banque D;27829876;7.6;Inconnu;9.72;Oui;677.07;1
80;2024-01-04 07:00:00;Banque D;47272754;3.62;Normale;38.71;Oui;601.0;0
81;2024-01-04 08:00:00;Banque B;45698982;7.68;Normale;30.82;Oui;609.11;0
82;2024-01-04 09:00:00;Banque D;33021823;4.15;En Souffrance;7.52;Oui;696.79;0
83;2024-01-04 10:00:00;Banque E;29033112;8.99;Problématique;6.91;Oui;682.98;0
84;2024-01-04 11:00:00;Banque D;36714532;7.1;En Souffrance;15.22;Oui;631.24;0
85;2024-01-04 12:00:00;Banque A;3837571;6.58;Inconnu;10.37;Oui;655.38;1
86;2024-01-04 13:00:00;Banque D;44142147;7.64;Normale;15.22;Oui;697.75;0
87;2024-01-04 14:00:00;Banque D;25198294;11.13;Normale;2.95;Oui;605.51;0
88;2024-01-04 15:00:00;Banque B;48422143;11.48;En Souffrance;5.44;Oui;673.5;0
89;2024-01-04 16:00:00;Banque E;24869667;11.16;Normale;45.5;Oui;648.6;0
90;2024-01-04 17:00:00;Banque C;36646264;10.95;Normale;0.45;Oui;680.91;0
91;2024-01-04 18:00:00;Banque E;49154616;11.47;Normale;21.5;Oui;661.56;0
92;2024-01-04 19:00:00;Banque A;49960001;3.57;Normale;9.16;Oui;657.35;0
93;2024-01-04 20:00:00;Banque E;1774139;3.76;Normale;46.41;Oui;616.89;0
94;2024-01-04 21:00:00;Banque B;26137508;6.52;Normale;20.59;Oui;663.0;0
95;2024-01-04 22:00:00;Banque A;24427720;9.64;Normale;39.36;Oui;622.19;0
96;2024-01-04 23:00:00;Banque E;24803565;11.75;Normale;45.59;Oui;628.11;0
97;2024-01-05 00:00:00;Banque E;39337569;4.07;Normale;9.17;Oui;665.17;0
98;2024-01-05 01:00:00;Banque D;18376117;5.23;Normale;41.07;Oui;613.7;0
99;2024-01-05 02:00:00;Banque C;3028865;10.55;Normale;2.71;Oui;628.1;0
100;2024-01-05 03:00:00;Banque C;5935833;11.24;Normale;0.57;Oui;679.59;0
101;2024-01-05 04:00:00;Banque B;44269724;4.37;En Souffrance;37.61;Oui;606.12;0
102;2024-01-05 05:00:00;Banque C;14336008;8.8;Normale;1.24;Oui;643.56;0
103;2024-01-05 06:00:00;Banque B;15619038;9.23;Normale;29.93;Oui;621.12;1
104;2024-01-05 07:00:00;Banque E;43126706;4.49;Normale;1.21;Oui;672.71;1
105;2024-01-05 08:00:00;Banque A;26571436;11.82;Normale;13.58;Oui;664.64;0
106;2024-01-05 09:00:00;Banque D;9730055;11.65;Normale;12.41;Oui;632.18;0
107;2024-01-05 10:00:00;Banque B;31188484;11.58;En Souffrance;11.05;Oui;667.86;0
108;2024-01-05 11:00:00;Banque D;37557308;6.51;Normale;23.98;Oui;629.36;0
109;2024-01-05 12:00:00;Banque D;16410488;6.54;Normale;4.79;Oui;687.74;0
110;2024-01-05 13:00:00;Banque D;27511709;5.8;Normale;37.6;Oui;666.43;0
111;2024-01-05 14:00:00;Banque E;47322239;10.71;Normale;2.68;Oui;696.07;0
112;2024-01-05 15:00:00;Banque E;40560370;11.47;Normale;18.14;Oui;636.02;0
113;2024-01-05 16:00:00;Banque C;13722627;8.5;Problématique;19.34;Oui;630.53;0
114;2024-01-05 17:00:00;Banque C;31710331;8.83;En Souffrance;32.9;Oui;694.14;0
115;2024-01-05 18:00:00;Banque D;22715240;4.86;En Souffrance;42.28;Oui;615.73;0
116;2024-01-05 19:00:00;Banque C;12136399;3.08;Normale;43.65;Oui;690.88;0
117;2024-01-05 20:00:00;Banque A;38051732;6.27;Normale;31.04;Oui;658.12;0
118;2024-01-05 21:00:00;Banque C;17066732;4.94;Normale;42.29;Oui;694.16;0
119;2024-01-05 22:00:00;Banque A;-10911285;11.82;Normale;25.48;Oui;694.04;1
120;2024-01-05 23:00:00;Banque A;13006696;5.51;Normale;0.36;Oui;619.03;0
121;2024-01-06 00:00:00;Banque A;29200387;10.43;Normale;5.97;Oui;625.28;0
122;2024-01-06 01:00:00;Banque E;49731741;5.78;Normale;49.23;Oui;643.06;0
123;2024-01-06 02:00:00;Banque B;30792612;2.98;Normale;27.09;Oui;621.74;0
124;2024-01-06 03:00:00;Banque C;32538128;7.49;Problématique;10.41;Oui;692.23;0
125;2024-01-06 04:00:00;Banque A;11333757;8.5;Normale;40.04;Oui;650.04;0
126;2024-01-06 05:00:00;Banque D;19609482;5.44;Normale;36.9;Oui;686.6;0
127;2024-01-06 06:00:00;Banque E;14744159;10.5;Normale;36.32;Oui;697.85;0
128;2024-01-06 07:00:00;Banque C;33449849;5.96;Normale;20.9;Oui;668.82;1
129;2024-01-06 08:00:00;Banque B;38170335;4.48;Normale;27.37;Oui;643.43;0
130;2024-01-06 09:00:00;Banque C;48871501;10.58;Normale;27.14;Oui;607.52;0
131;2024-01-06 10:00:00;Banque C;48685772;5.02;Normale;17.04;Oui;622.77;0
132;2024-01-06 11:00:00;Banque E;21368008;3.63;Normale;4.98;Oui;600.98;1
133;2024-01-06 12:00:00;Banque A;21775062;3.62;Normale;19.83;Oui;690.05;0
134;2024-01-06 13:00:00;Banque C;15700028;8.41;Normale;39.37;Oui;606.58;0
135;2024-01-06 14:00:00;Banque C;875297;3.08;Normale;12.65;Oui;659.33;0
136;2024-01-06 15:00:00;Banque B;49777566;6.66;Normale;1.91;Oui;612.83;0
137;2024-01-06 16:00:00;Banque E;17978209;11.36;Normale;32.1;Oui;667.73;0
138;2024-01-06 17:00:00;Banque E;2695540;5.28;En Souffrance;36.07;Oui;697.0;0
139;2024-01-06 18:00:00;Banque D;35263132;5.09;Normale;25.89;Oui;655.54;0
140;2024-01-06 19:00:00;Banque D;25113262;8.0;En Souffrance;23.87;Oui;609.11;0
141;2024-01-06 20:00:00;Banque E;38903019;8.41;Normale;47.27;Oui;644.21;0
142;2024-01-06 21:00:00;Banque B;1475385;11.07;Normale;35.32;Peut-être;610.28;1
143;2024-01-06 22:00:00;Banque C;46069336;6.16;Normale;3.45;Oui;637.52;1
144;2024-01-06 23:00:00;Banque B;15553834;3.07;Normale;30.75;Peut-être;687.71;1
145;2024-01-07 00:00:00;Banque D;15310156;6.22;Normale;11.13;Oui;616.22;0
146;2024-01-07 01:00:00;Banque E;28110452;8.67;Normale;33.66;Oui;665.1;0
147;2024-01-07 02:00:00;Banque B;22144957;5.04;Normale;28.31;Oui;625.54;0
148;2024-01-07 03:00:00;Banque E;43901116;6.26;Normale;47.41;Oui;609.98;0
149;2024-01-07 04:00:00;Banque E;32412610;10.08;Normale;27.87;Oui;661.79;0
150;2024-01-07 05:00:00;Banque E;8217840;5.64;En Souffrance;43.79;Oui;636.69;0
151;2024-01-07 06:00:00;Banque C;32214008;2.79;En Souffrance;20.22;Oui;616.02;0
152;2024-01-07 07:00:00;Banque C;839553;3.34;Normale;40.47;Oui;659.19;0
153;2024-01-07 08:00:00;Banque B;21069625;2.73;Normale;23.28;Oui;620.04;0
154;2024-01-07 09:00:00;Banque B;33698299;8.49;En Souffrance;30.04;Oui;689.99;1
155;2024-01-07 10:00:00;Banque C;27641468;6.71;Normale;45.75;Oui;638.66;0
156;2024-01-07 11:00:00;Banque A;22935125;3.93;Normale;39.85;Oui;658.59;0
157;2024-01-07 12:00:00;Banque B;13496471;8.97;En Souffrance;25.95;Oui;635.85;0
158;2024-01-07 13:00:00;Banque B;32545458;8.54;Normale;2.7;Oui;689.36;0
159;2024-01-07 14:00:00;Banque E;33563839;2.86;Normale;45.78;Oui;661.71;0
160;2024-01-07 15:00:00;Banque E;10862681;6.02;Normale;25.2;Oui;637.62;0
161;2024-01-07 16:00:00;Banque E;25856036;5.45;Normale;26.34;Oui;630.37;0
162;2024-01-07 17:00:00;Banque C;45133848;5.26;Normale;29.56;Oui;635.49;0
163;2024-01-07 18:00:00;Banque C;9379617;6.94;Normale;28.83;Oui;672.8;0
164;2024-01-07 19:00:00;Banque A;38647754;10.37;Normale;18.14;Non;679.63;0
165;2024-01-07 20:00:00;Banque D;45837802;8.51;Normale;4.47;Oui;652.2;0
166;2024-01-07 21:00:00;Banque D;-6667169;4.51;Normale;7.67;Oui;647.48;1
167;2024-01-07 22:00:00;Banque C;18617595;11.29;Normale;16.92;Oui;695.63;0
168;2024-01-07 23:00:00;Banque A;19024518;4.2;Normale;26.72;Oui;662.56;0
169;2024-01-08 00:00:00;Banque D;14373064;6.84;En Souffrance;5.82;Oui;666.28;0
170;2024-01-08 01:00:00;Banque C;33348041;11.95;Normale;15.45;Oui;679.47;0
171;2024-01-08 02:00:00;Banque A;5731974;8.77;Normale;36.66;Oui;611.58;0
172;2024-01-08 03:00:00;Banque A;21664713;10.55;Normale;17.32;Peut-être;606.13;1
173;2024-01-08 04:00:00;Banque D;29128203;4.15;Normale;45.6;Oui;615.95;0
174;2024-01-08 05:00:00;Banque B;1266140;6.29;Inconnu;10.09;Oui;606.36;1
175;2024-01-08 06:00:00;Banque C;38155731;5.16;Normale;35.45;Oui;674.72;0
176;2024-01-08 07:00:00;Banque D;33277925;4.83;En Souffrance;43.0;Oui;618.8;0
177;2024-01-08 08:00:00;Banque D;8888852;11.24;Problématique;30.96;Oui;617.44;0
178;2024-01-08 09:00:00;Banque C;20801409;10.53;Normale;47.05;Oui;684.71;0
179;2024-01-08 10:00:00;Banque B;1375856;7.08;Normale;35.64;Peut-être;611.07;1
180;2024-01-08 11:00:00;Banque D;10808596;10.07;Problématique;29.48;Oui;614.41;0
181;2024-01-08 12:00:00;Banque E;15343022;9.52;Normale;1.49;Oui;657.12;0
182;2024-01-08 13:00:00;Banque C;31964399;5.13;Normale;24.75;Oui;626.61;0
183;2024-01-08 14:00:00;Banque C;2497945;4.64;En Souffrance;15.11;Oui;620.18;0
184;2024-01-08 15:00:00;Banque C;38529066;11.67;Normale;41.24;Oui;666.58;0
185;2024-01-08 16:00:00;Banque C;8762370;7.32;En Souffrance;7.55;Oui;621.23;0
186;2024-01-08 17:00:00;Banque B;49807604;5.19;Normale;46.88;Oui;698.96;0
187;2024-01-08 18:00:00;Banque D;2240427;7.64;Normale;49.27;Oui;638.38;0
188;2024-01-08 19:00:00;Banque A;46825077;6.19;En Souffrance;0.24;Oui;602.6;0
189;2024-01-08 20:00:00;Banque E;33835473;11.02;Problématique;3.35;Oui;668.84;0
190;2024-01-08 21:00:00;Banque D;22741368;3.11;Normale;13.16;Non;601.88;0
191;2024-01-08 22:00:00;Banque C;37982938;10.58;Normale;47.55;Oui;672.0;0
192;2024-01-08 23:00:00;Banque B;35165751;10.89;En Souffrance;16.1;Oui;616.09;0
193;2024-01-09 00:00:00;Banque A;28916408;8.06;Normale;13.97;Oui;624.71;0
194;2024-01-09 01:00:00;Banque D;9286404;3.12;Normale;8.27;Oui;611.43;0
195;2024-01-09 02:00:00;Banque B;43437464;5.22;Normale;3.22;Oui;648.32;0
196;2024-01-09 03:00:00;Banque E;20337178;8.42;Normale;2.39;Oui;643.42;0
197;2024-01-09 04:00:00;Banque C;34034194;50.0;Normale;0.04;Oui;614.08;1
198;2024-01-09 05:00:00;Banque C;14407703;4.3;Normale;7.08;Oui;629.22;0
199;2024-01-09 06:00:00;Banque A;27499370;4.28;Normale;22.45;Oui;676.08;0
200;2024-01-09 07:00:00;Banque E;11187500;6.99;Normale;41.59;Oui;621.87;0
201;2024-01-09 08:00:00;Banque A;13723921;6.03;En Souffrance;48.35;Oui;690.21;0
202;2024-01-09 09:00:00;Banque D;12339003;7.95;Normale;4.5;Peut-être;689.68;1
203;2024-01-09 10:00:00;Banque D;33826193;3.74;Normale;41.5;Oui;663.12;0
204;2024-01-09 11:00:00;Banque D;31192549;3.61;Normale;39.09;Oui;691.33;0
205;2024-01-09 12:00:00;Banque B;20014268;8.08;Normale;41.29;Oui;676.18;0
206;2024-01-09 13:00:00;Banque A;19654871;3.85;En Souffrance;21.26;Oui;698.03;0
207;2024-01-09 14:00:00;Banque E;41754720;7.25;Normale;29.98;Oui;605.54;0
208;2024-01-09 15:00:00;Banque D;23377314;5.72;Normale;38.58;Oui;638.31;0
209;2024-01-09 16:00:00;Banque D;5171712;8.74;Normale;6.43;Oui;681.6;0
210;2024-01-09 17:00:00;Banque C;49252239;7.4;Normale;5.79;Oui;673.12;0
211;2024-01-09 18:00:00;Banque C;5150818;8.63;Normale;6.29;Peut-être;652.23;1
212;2024-01-09 19:00:00;Banque D;32421545;11.27;Normale;17.24;Oui;647.74;0
213;2024-01-09 20:00:00;Banque D;33527346;3.01;Normale;0.79;Oui;656.85;0
214;2024-01-09 21:00:00;Banque D;10136625;8.23;Problématique;8.82;Oui;603.09;0
215;2024-01-09 22:00:00;Banque D;14219656;8.49;En Souffrance;47.2;Oui;672.58;0
216;2024-01-09 23:00:00;Banque D;40217279;6.87;Normale;17.33;Oui;692.34;0
217;2024-01-10 00:00:00;Banque C;7216423;6.8;En Souffrance;26.57;Oui;670.77;0
218;2024-01-10 01:00:00;Banque A;18457646;9.61;Normale;41.41;Oui;649.81;0
219;2024-01-10 02:00:00;Banque E;29748065;8.53;Normale;8.23;Oui;665.42;0
220;2024-01-10 03:00:00;Banque A;24063120;5.06;Normale;24.54;Oui;670.77;0
221;2024-01-10 04:00:00;Banque D;4870685;6.82;Normale;45.64;Oui;669.21;0
222;2024-01-10 05:00:00;Banque E;5636204;8.17;Normale;32.94;Oui;646.77;0
223;2024-01-10 06:00:00;Banque B;47107110;8.94;Normale;38.29;Oui;609.0;0
224;2024-01-10 07:00:00;Banque E;41465911;10.77;Normale;36.01;Oui;600.67;0
225;2024-01-10 08:00:00;Banque C;29654866;3.67;Normale;24.38;Oui;679.28;0
226;2024-01-10 09:00:00;Banque D;40150090;4.52;Normale;15.75;Oui;665.61;1
227;2024-01-10 10:00:00;Banque C;33629030;6.13;Normale;29.95;Oui;622.62;0
228;2024-01-10 11:00:00;Banque B;48652128;6.98;Problématique;3.92;Oui;676.41;0
229;2024-01-10 12:00:00;Banque E;32150637;2.65;Problématique;41.12;Oui;609.06;0
230;2024-01-10 13:00:00;Banque E;44607488;9.54;Problématique;46.08;Oui;665.59;0
231;2024-01-10 14:00:00;Banque B;40663118;7.16;Normale;25.94;Oui;647.24;0
232;2024-01-10 15:00:00;Banque B;17573301;10.01;Normale;38.9;Oui;693.12;0
233;2024-01-10 16:00:00;Banque D;29536282;7.61;Normale;15.83;Oui;654.33;0
234;2024-01-10 17:00:00;Banque B;10732393;8.24;Normale;34.91;Oui;629.9;0
235;2024-01-10 18:00:00;Banque B;8591431;5.48;Normale;12.85;Oui;690.45;0
236;2024-01-10 19:00:00;Banque D;11504635;7.44;En Souffrance;;Oui;646.14;1
237;2024-01-10 20:00:00;Banque C;16598286;6.05;Normale;37.0;Oui;644.82;0
238;2024-01-10 21:00:00;Banque D;35986874;7.14;En Souffrance;4.73;Oui;696.21;0
239;2024-01-10 22:00:00;Banque B;27795921;5.35;Normale;4.79;Oui;697.83;0
240;2024-01-10 23:00:00;Banque C;20967740;4.67;Normale;41.76;Oui;651.77;1
241;2024-01-11 00:00:00;Banque C;10028068;3.92;Normale;13.78;Oui;651.44;1
242;2024-01-11 01:00:00;Banque C;37257447;10.03;Normale;3.94;Oui;672.44;0
243;2024-01-11 02:00:00;Banque E;15527915;4.95;Normale;24.58;Oui;673.21;0
244;2024-01-11 03:00:00;Banque E;2888759;3.55;En Souffrance;34.03;Oui;617.6;0
245;2024-01-11 04:00:00;Banque D;37147879;4.34;Normale;12.14;Oui;673.34;0
246;2024-01-11 05:00:00;Banque D;36225557;6.33;Normale;3.04;Oui;650.84;0
247;2024-01-11 06:00:00;Banque B;37340986;9.37;Normale;1.27;Oui;674.96;0
248;2024-01-11 07:00:00;Banque E;19885565;7.64;En Souffrance;45.54;Oui;613.33;0
249;2024-01-11 08:00:00;Banque B;976741;9.64;Normale;32.29;Oui;679.24;0
250;2024-01-11 09:00:00;Banque C;26333907;9.7;En Souffrance;6.39;Oui;618.66;0
251;2024-01-11 10:00:00;Banque D;2243474;50.0;Normale;8.85;Oui;636.34;1
252;2024-01-11 11:00:00;Banque E;8591652;10.47;Normale;35.0;Oui;605.7;0
253;2024-01-11 12:00:00;Banque C;44471079;6.03;En Souffrance;48.01;Oui;696.12;0
254;2024-01-11 13:00:00;Banque E;22552692;6.01;Normale;48.03;Oui;610.73;0
255;2024-01-11 14:00:00;Banque C;-4932899;9.28;En Souffrance;13.1;Oui;655.92;1
256;2024-01-11 15:00:00;Banque E;39671139;3.61;Normale;3.87;Oui;679.47;0
257;2024-01-11 16:00:00;Banque A;11890758;5.43;En Souffrance;3.8;Oui;610.26;0
258;2024-01-11 17:00:00;Banque D;3884844;6.33;Normale;8.3;Oui;651.61;0
259;2024-01-11 18:00:00;Banque D;23338010;8.16;Normale;39.22;Oui;674.32;1
260;2024-01-11 19:00:00;Banque E;18366997;11.48;Normale;29.93;Oui;619.6;0
261;2024-01-11 20:00:00;Banque B;18568142;2.77;Normale;24.09;Oui;671.88;0
262;2024-01-11 21:00:00;Banque A;46921541;7.89;Normale;16.99;Oui;617.44;0
263;2024-01-11 22:00:00;Banque A;46678743;10.5;Normale;22.6;Oui;636.26;0
264;2024-01-11 23:00:00;Banque A;10435601;7.94;En Souffrance;33.25;Oui;667.12;0
265;2024-01-12 00:00:00;Banque B;24963252;5.17;Normale;11.16;Oui;621.82;0
266;2024-01-12 01:00:00;Banque D;45575212;10.44;Normale;26.13;Oui;649.61;0
267;2024-01-12 02:00:00;Banque B;42562114;5.8;Normale;43.69;Oui;692.02;0
268;2024-01-12 03:00:00;Banque E;21105821;6.62;En Souffrance;17.82;Oui;690.37;0
269;2024-01-12 04:00:00;Banque A;9827013;10.72;Normale;22.74;Oui;626.61;0
270;2024-01-12 05:00:00;Banque D;30844373;10.59;Normale;1.63;Oui;687.6;0
271;2024-01-12 06:00:00;Banque C;48029515;11.15;En Souffrance;27.99;Oui;646.04;0
272;2024-01-12 07:00:00;Banque E;12355026;7.85;Inconnu;46.45;Oui;604.86;1
273;2024-01-12 08:00:00;Banque B;29509072;7.67;Problématique;39.36;Oui;629.74;0
274;2024-01-12 09:00:00;Banque D;48994869;2.81;Normale;41.09;Oui;675.2;0
275;2024-01-12 10:00:00;Banque A;1486583;3.58;Normale;14.66;Oui;692.92;0
276;2024-01-12 11:00:00;Banque B;34982442;10.53;Normale;38.31;Oui;606.66;0
277;2024-01-12 12:00:00;Banque E;16653444;11.39;En Souffrance;34.77;Oui;654.97;0
278;2024-01-12 13:00:00;Banque E;41227973;6.46;Normale;31.24;Oui;640.04;0
279;2024-01-12 14:00:00;Banque E;29942968;6.84;En Souffrance;31.53;Oui;652.08;0
280;2024-01-12 15:00:00;Banque A;13267758;6.5;En Souffrance;16.15;Oui;622.9;0
281;2024-01-12 16:00:00;Banque C;20877311;5.46;Normale;9.86;Oui;635.38;0
282;2024-01-12 17:00:00;Banque C;9448505;7.97;Normale;19.84;Oui;610.96;0
283;2024-01-12 18:00:00;Banque D;24668978;10.83;Normale;6.25;Oui;608.03;0
284;2024-01-12 19:00:00;Banque A;20219344;11.8;Normale;44.95;Oui;682.3;0
285;2024-01-12 20:00:00;Banque C;14460493;9.68;Inconnu;27.96;Oui;627.37;1
286;2024-01-12 21:00:00;Banque D;43863624;11.59;Normale;43.78;Oui;660.79;0
287;2024-01-12 22:00:00;Banque D;6053406;6.15;Normale;8.71;Oui;608.04;0
288;2024-01-12 23:00:00;Banque D;6469609;7.2;En Souffrance;15.84;Oui;625.13;0
289;2024-01-13 00:00:00;Banque C;21757755;11.58;Normale;18.75;Oui;663.36;0
290;2024-01-13 01:00:00;Banque E;7347676;3.99;Normale;27.47;Oui;693.9;0
291;2024-01-13 02:00:00;Banque B;19722179;4.26;Problématique;34.33;Non;604.07;0
292;2024-01-13 03:00:00;Banque B;12584477;7.43;Normale;46.28;Oui;681.68;0
293;2024-01-13 04:00:00;Banque A;3005041;8.38;Normale;47.02;Oui;667.16;0
294;2024-01-13 05:00:00;Banque C;31400769;10.84;Normale;20.8;Oui;660.06;0
295;2024-01-13 06:00:00;Banque A;30215394;8.96;Normale;4.08;Oui;687.51;0
296;2024-01-13 07:00:00;Banque C;28311898;50.0;Normale;20.83;Oui;632.99;1
297;2024-01-13 08:00:00;Banque D;15979114;7.34;Normale;19.29;Oui;665.42;0
298;2024-01-13 09:00:00;Banque B;25186437;5.71;Normale;29.42;Oui;639.02;0
299;2024-01-13 10:00:00;Banque A;4839917;7.38;En Souffrance;32.98;Oui;692.06;0
300;2024-01-13 11:00:00;Banque E;43854239;4.97;Normale;38.09;Oui;612.08;0
301;2024-01-13 12:00:00;Banque C;39719924;11.78;Normale;30.79;Oui;693.05;0
302;2024-01-13 13:00:00;Banque C;17712782;2.52;En Souffrance;33.92;Oui;660.46;0
303;2024-01-13 14:00:00;Banque C;30725919;8.44;Problématique;40.02;Oui;673.18;0
304;2024-01-13 15:00:00;Banque D;4152450;50.0;En Souffrance;43.3;Oui;693.3;1
305;2024-01-13 16:00:00;Banque E;14020978;10.31;Normale;19.97;Oui;656.25;0
306;2024-01-13 17:00:00;Banque A;19766513;6.34;Normale;28.63;Oui;605.4;0
307;2024-01-13 18:00:00;Banque C;38430433;11.07;En Souffrance;40.25;Oui;649.64;0
308;2024-01-13 19:00:00;Banque C;25915784;3.94;En Souffrance;39.35;Oui;634.91;0
309;2024-01-13 20:00:00;Banque B;4732888;9.74;Normale;43.6;Oui;607.49;0
310;2024-01-13 21:00:00;Banque B;25359064;6.37;Normale;40.13;Oui;689.57;0
311;2024-01-13 22:00:00;Banque E;5575895;11.76;Problématique;11.23;Oui;607.24;0
312;2024-01-13 23:00:00;Banque C;42689603;11.78;En Souffrance;38.29;Oui;603.97;0
313;2024-01-14 00:00:00;Banque A;-28502012;3.63;Normale;2.26;Oui;671.73;1
314;2024-01-14 01:00:00;Banque D;33067436;10.7;Normale;30.5;Oui;689.14;0
315;2024-01-14 02:00:00;Banque E;38731268;3.25;Normale;33.65;Oui;620.22;0
316;2024-01-14 03:00:00;Banque A;38628197;8.71;Normale;16.46;Oui;631.01;0
317;2024-01-14 04:00:00;Banque B;37187938;6.79;Normale;28.07;Oui;680.58;0
318;2024-01-14 05:00:00;Banque E;17657043;9.03;Normale;29.47;Non;627.03;0
319;2024-01-14 06:00:00;Banque B;34926573;10.64;Normale;39.05;Oui;601.59;0
320;2024-01-14 07:00:00;Banque A;34968606;9.65;Normale;32.68;Oui;607.43;0
321;2024-01-14 08:00:00;Banque D;37474585;11.16;Normale;47.17;Oui;681.51;0
322;2024-01-14 09:00:00;Banque A;11047680;5.92;Normale;23.16;Oui;653.07;0
323;2024-01-14 10:00:00;Banque C;23518210;2.9;Normale;8.31;Oui;680.27;0
324;2024-01-14 11:00:00;Banque B;22853903;10.65;En Souffrance;22.83;Oui;612.3;0
325;2024-01-14 12:00:00;Banque D;17726880;2.88;Normale;8.02;Oui;611.98;0
326;2024-01-14 13:00:00;Banque C;42891207;4.22;Normale;28.25;Oui;690.77;0
327;2024-01-14 14:00:00;Banque D;14990752;10.37;En Souffrance;32.33;Non;626.94;0
328;2024-01-14 15:00:00;Banque C;6957633;7.66;Normale;45.06;Oui;612.17;0
329;2024-01-14 16:00:00;Banque B;44457345;10.1;En Souffrance;11.6;Oui;699.25;0
330;2024-01-14 17:00:00;Banque C;25431662;7.28;Normale;29.78;Oui;646.9;0
331;2024-01-14 18:00:00;Banque A;48176831;7.3;Normale;32.98;Oui;626.07;0
332;2024-01-14 19:00:00;Banque A;30585348;7.82;Normale;25.83;Oui;673.23;0
333;2024-01-14 20:00:00;Banque A;-18416544;11.15;Normale;11.16;Oui;641.35;1
334;2024-01-14 21:00:00;Banque D;19660151;11.87;Normale;38.61;Oui;680.57;0
335;2024-01-14 22:00:00;Banque C;19997054;7.49;Normale;44.59;Oui;695.97;0
336;2024-01-14 23:00:00;Banque D;10294955;5.91;Normale;6.11;Oui;655.73;0
337;2024-01-15 00:00:00;Banque A;29922178;8.36;En Souffrance;33.58;Oui;668.22;0
338;2024-01-15 01:00:00;Banque D;-47233656;4.68;Normale;6.52;Oui;685.49;1
339;2024-01-15 02:00:00;Banque D;24807006;3.11;Normale;17.14;Oui;692.73;0
340;2024-01-15 03:00:00;Banque B;18641064;3.56;Normale;41.45;Oui;664.58;0
341;2024-01-15 04:00:00;Banque E;46003272;10.12;En Souffrance;14.71;Oui;627.18;1
342;2024-01-15 05:00:00;Banque B;31982145;3.56;Normale;49.8;Oui;612.91;0
343;2024-01-15 06:00:00;Banque A;4014499;5.55;Normale;37.15;Oui;646.65;0
344;2024-01-15 07:00:00;Banque B;42096060;2.94;En Souffrance;32.69;Oui;622.39;0
345;2024-01-15 08:00:00;Banque E;43598858;6.18;Normale;1.68;Oui;671.53;0
346;2024-01-15 09:00:00;Banque E;46093085;5.52;Normale;17.37;Oui;642.16;0
347;2024-01-15 10:00:00;Banque E;29721254;4.5;Normale;33.31;Oui;610.99;0
348;2024-01-15 11:00:00;Banque A;38243234;10.46;En Souffrance;48.29;Oui;666.62;0
349;2024-01-15 12:00:00;Banque C;20173301;9.46;Normale;14.64;Oui;633.8;0
350;2024-01-15 13:00:00;Banque C;1333250;9.94;Normale;0.2;Oui;611.76;0
351;2024-01-15 14:00:00;Banque C;38347734;10.93;En Souffrance;30.15;Oui;695.08;0
352;2024-01-15 15:00:00;Banque C;49418737;5.72;Normale;15.1;Oui;687.25;0
353;2024-01-15 16:00:00;Banque E;4099166;9.67;Normale;38.02;Oui;638.61;0
354;2024-01-15 17:00:00;Banque B;27643915;10.98;Normale;35.66;Oui;672.53;0
355;2024-01-15 18:00:00;Banque A;13195460;5.92;En Souffrance;4.65;Oui;683.95;0
356;2024-01-15 19:00:00;Banque B;28618915;4.14;Normale;38.0;Oui;604.81;0
357;2024-01-15 20:00:00;Banque C;31056904;7.53;Normale;38.83;Oui;684.22;0
358;2024-01-15 21:00:00;Banque C;36578084;5.15;Normale;34.61;Oui;653.02;0
359;2024-01-15 22:00:00;Banque B;8299186;11.86;Normale;31.87;Non;664.89;0
360;2024-01-15 23:00:00;Banque C;37651471;8.4;Normale;28.7;Oui;649.22;0
361;2024-01-16 00:00:00;Banque B;6806533;9.69;En Souffrance;41.14;Oui;671.67;0
362;2024-01-16 01:00:00;Banque C;10672967;6.55;En Souffrance;14.4;Oui;682.41;0
363;2024-01-16 02:00:00;Banque D;2330293;2.9;En Souffrance;40.41;Oui;636.8;0
364;2024-01-16 03:00:00;Banque A;31525742;9.85;Normale;21.38;Non;672.71;0
365;2024-01-16 04:00:00;Banque A;6078857;3.03;Normale;16.03;Oui;693.52;0
366;2024-01-16 05:00:00;Banque B;37360244;6.72;Normale;42.88;Oui;601.84;0
367;2024-01-16 06:00:00;Banque E;25634839;4.48;Normale;28.44;Oui;677.33;0
368;2024-01-16 07:00:00;Banque B;8892836;10.4;Normale;42.91;Oui;620.41;0
369;2024-01-16 08:00:00;Banque C;43785708;50.0;Normale;4.23;Oui;637.87;1
370;2024-01-16 09:00:00;Banque E;21850157;5.68;Normale;34.89;Oui;665.89;0
371;2024-01-16 10:00:00;Banque C;29149367;9.4;Normale;11.29;Oui;694.38;0
372;2024-01-16 11:00:00;Banque D;32806153;6.44;Problématique;0.52;Oui;657.73;0
373;2024-01-16 12:00:00;Banque A;25871725;5.09;Normale;44.08;Oui;693.66;0
374;2024-01-16 13:00:00;Banque B;19609267;11.7;Problématique;9.17;Oui;686.46;0
375;2024-01-16 14:00:00;Banque E;7681404;10.04;En Souffrance;32.15;Non;644.82;0
376;2024-01-16 15:00:00;Banque C;49750638;4.03;Problématique;4.81;Oui;622.25;0
377;2024-01-16 16:00:00;Banque D;19922896;4.7;En Souffrance;7.95;Oui;692.1;0
378;2024-01-16 17:00:00;Banque C;41808238;8.36;Normale;49.72;Oui;624.3;0
379;2024-01-16 18:00:00;Banque A;7726764;7.78;Normale;39.55;Oui;652.49;0
380;2024-01-16 19:00:00;Banque E;4768412;8.98;Normale;36.0;Oui;638.89;0
381;2024-01-16 20:00:00;Banque B;22579996;10.43;Normale;25.75;Oui;611.9;0
382;2024-01-16 21:00:00;Banque C;1396425;5.84;Normale;36.7;Oui;684.63;0
383;2024-01-16 22:00:00;Banque E;9209014;7.67;En Souffrance;32.54;Oui;613.27;0
384;2024-01-16 23:00:00;Banque A;2785209;50.0;Normale;40.32;Oui;663.23;1
385;2024-01-17 00:00:00;Banque C;48704811;6.6;Normale;19.74;Oui;629.28;0
386;2024-01-17 01:00:00;Banque B;31520528;9.48;Normale;31.42;Oui;688.84;0
387;2024-01-17 02:00:00;Banque A;29253980;50.0;Normale;10.83;Oui;651.83;1
388;2024-01-17 03:00:00;Banque D;25518656;50.0;Normale;30.61;Oui;675.31;1
389;2024-01-17 04:00:00;Banque C;47363888;11.95;Problématique;4.18;Oui;642.91;0
390;2024-01-17 05:00:00;Banque A;17126187;7.59;Normale;36.46;Oui;637.17;0
391;2024-01-17 06:00:00;Banque B;48936833;4.78;Problématique;3.37;Non;676.79;0
392;2024-01-17 07:00:00;Banque C;39551698;6.83;Normale;37.96;Oui;669.24;0
393;2024-01-17 08:00:00;Banque E;16523616;3.27;Normale;10.42;Oui;614.72;0
394;2024-01-17 09:00:00;Banque A;7653649;7.94;Normale;35.31;Oui;612.09;0
395;2024-01-17 10:00:00;Banque C;36118200;6.53;Problématique;42.31;Oui;637.64;0
396;2024-01-17 11:00:00;Banque D;38422085;7.77;Normale;18.36;Oui;688.7;0
397;2024-01-17 12:00:00;Banque B;15097398;10.75;Normale;35.49;Oui;641.04;0
398;2024-01-17 13:00:00;Banque E;42332044;3.13;Normale;12.59;Oui;682.0;0
399;2024-01-17 14:00:00;Banque E;34568200;10.27;Normale;1.5;Oui;614.96;0
400;2024-01-17 15:00:00;Banque D;10321070;2.8;En Souffrance;;Oui;688.33;1
401;2024-01-17 16:00:00;Banque C;7988047;2.73;Normale;9.5;Oui;672.49;0
402;2024-01-17 17:00:00;Banque E;25607288;10.31;Normale;10.75;Oui;637.71;1
403;2024-01-17 18:00:00;Banque D;45931461;2.93;Problématique;30.45;Oui;646.42;0
404;2024-01-17 19:00:00;Banque B;37452734;5.49;Normale;44.33;Oui;641.6;1
405;2024-01-17 20:00:00;Banque C;3395472;11.32;Normale;30.19;Oui;662.84;0
406;2024-01-17 21:00:00;Banque A;38784696;11.31;Inconnu;43.69;Oui;663.02;1
407;2024-01-17 22:00:00;Banque D;41622957;8.37;Normale;2.31;Oui;696.93;0
408;2024-01-17 23:00:00;Banque D;47346463;11.38;En Souffrance;5.44;Oui;692.75;0
409;2024-01-18 00:00:00;Banque B;48652551;6.59;Normale;14.73;Oui;681.72;0
410;2024-01-18 01:00:00;Banque C;19644321;50.0;Problématique;13.0;Oui;696.7;1
411;2024-01-18 02:00:00;Banque B;30829099;6.63;En Souffrance;19.91;Oui;624.66;0
412;2024-01-18 03:00:00;Banque A;32250739;6.97;Normale;32.34;Oui;624.57;0
413;2024-01-18 04:00:00;Banque A;15153608;10.21;Normale;21.21;Oui;607.2;0
414;2024-01-18 05:00:00;Banque D;9866990;11.82;Problématique;40.88;Oui;601.46;0
415;2024-01-18 06:00:00;Banque E;29992769;9.33;Normale;32.46;Oui;684.54;0
416;2024-01-18 07:00:00;Banque D;46459174;5.38;Normale;35.26;Oui;681.15;0
417;2024-01-18 08:00:00;Banque B;49009915;8.19;En Souffrance;14.16;Oui;673.93;0
418;2024-01-18 09:00:00;Banque E;38199471;7.63;En Souffrance;25.09;Oui;648.58;0
419;2024-01-18 10:00:00;Banque B;39144109;5.06;Normale;6.69;Oui;652.54;0
420;2024-01-18 11:00:00;Banque E;31470245;5.27;Normale;14.46;Oui;621.52;0
421;2024-01-18 12:00:00;Banque B;32861635;9.66;Normale;32.94;Non;640.33;0
422;2024-01-18 13:00:00;Banque D;31411504;5.97;Normale;37.1;Oui;674.25;0
423;2024-01-18 14:00:00;Banque C;19124448;7.59;Normale;25.85;Oui;697.03;0
424;2024-01-18 15:00:00;Banque B;2964626;5.99;Problématique;34.43;Oui;692.42;0
425;2024-01-18 16:00:00;Banque A;33598592;8.18;Normale;16.46;Oui;602.06;0
426;2024-01-18 17:00:00;Banque A;3269935;6.44;Normale;45.53;Oui;677.09;1
427;2024-01-18 18:00:00;Banque E;15987215;4.85;Normale;9.77;Oui;613.75;0
428;2024-01-18 19:00:00;Banque D;8899966;5.02;Normale;29.48;Oui;652.26;0
429;2024-01-18 20:00:00;Banque B;30985898;5.7;Normale;;Oui;660.22;1
430;2024-01-18 21:00:00;Banque B;33119044;4.32;Normale;21.96;Oui;671.45;0
431;2024-01-18 22:00:00;Banque E;21481691;5.1;Normale;33.85;Oui;680.06;0
432;2024-01-18 23:00:00;Banque B;11291549;3.05;Normale;23.77;Oui;653.23;0
433;2024-01-19 00:00:00;Banque D;35135933;3.95;Normale;25.44;Oui;671.06;0
434;2024-01-19 01:00:00;Banque C;22557193;4.54;En Souffrance;4.08;Oui;655.38;0
435;2024-01-19 02:00:00;Banque D;37431912;11.83;Normale;42.26;Oui;632.54;0
436;2024-01-19 03:00:00;Banque A;6618680;6.54;En Souffrance;25.03;Oui;608.85;0
437;2024-01-19 04:00:00;Banque D;13265206;11.23;Normale;43.56;Oui;623.32;0
438;2024-01-19 05:00:00;Banque B;40571078;3.26;Problématique;35.9;Oui;627.3;0
439;2024-01-19 06:00:00;Banque B;38194780;6.36;Normale;41.97;Oui;604.95;0
440;2024-01-19 07:00:00;Banque C;34281735;6.14;Normale;34.51;Oui;669.01;0
441;2024-01-19 08:00:00;Banque B;7533665;7.83;Normale;36.63;Oui;663.34;0
442;2024-01-19 09:00:00;Banque B;35196538;10.82;En Souffrance;45.5;Oui;619.94;0
443;2024-01-19 10:00:00;Banque A;11539402;5.79;Normale;38.97;Oui;617.78;0
444;2024-01-19 11:00:00;Banque C;10703101;4.53;Normale;1.75;Oui;638.72;0
445;2024-01-19 12:00:00;Banque C;11689295;10.41;Normale;30.51;Oui;656.89;0
446;2024-01-19 13:00:00;Banque D;34693082;4.61;Normale;33.88;Oui;641.18;0
447;2024-01-19 14:00:00;Banque A;4664830;7.61;Normale;25.04;Oui;647.96;0
448;2024-01-19 15:00:00;Banque B;41762921;3.64;En Souffrance;29.77;Oui;634.53;0
449;2024-01-19 16:00:00;Banque A;46189518;2.93;Normale;0.0;Oui;628.65;0
450;2024-01-19 17:00:00;Banque C;15707242;10.79;En Souffrance;45.07;Oui;639.2;0
451;2024-01-19 18:00:00;Banque D;5552922;7.69;Normale;42.04;Oui;649.72;0
452;2024-01-19 19:00:00;Banque E;24154653;8.32;Normale;25.18;Oui;678.25;0
453;2024-01-19 20:00:00;Banque B;3780369;4.8;Normale;48.03;Oui;686.25;0
454;2024-01-19 21:00:00;Banque B;22792984;8.69;Normale;36.19;Non;607.91;0
455;2024-01-19 22:00:00;Banque E;40963109;9.01;Normale;2.75;Oui;600.31;0
456;2024-01-19 23:00:00;Banque C;18984838;10.83;En Souffrance;20.03;Oui;622.0;0
457;2024-01-20 00:00:00;Banque A;18816347;6.38;Normale;28.4;Oui;615.1;0
458;2024-01-20 01:00:00;Banque C;13904874;7.36;Normale;49.82;Oui;638.42;0
459;2024-01-20 02:00:00;Banque B;34194076;7.23;Normale;1.58;Oui;648.23;0
460;2024-01-20 03:00:00;Banque D;808571;5.9;En Souffrance;36.15;Oui;610.66;0
461;2024-01-20 04:00:00;Banque C;16288998;9.47;Normale;18.62;Oui;604.52;0
462;2024-01-20 05:00:00;Banque D;22213629;10.04;En Souffrance;28.83;Oui;650.58;0
463;2024-01-20 06:00:00;Banque E;41086000;2.74;En Souffrance;24.77;Oui;637.11;0
464;2024-01-20 07:00:00;Banque B;19369516;5.09;Normale;5.86;Oui;658.37;0
465;2024-01-20 08:00:00;Banque E;24015949;6.12;Problématique;1.76;Oui;622.58;0
466;2024-01-20 09:00:00;Banque E;49962781;6.46;Normale;30.89;Oui;659.3;0
467;2024-01-20 10:00:00;Banque C;31324591;8.81;Normale;35.01;Oui;676.31;0
468;2024-01-20 11:00:00;Banque E;9941022;7.98;Normale;24.18;Oui;698.43;0
469;2024-01-20 12:00:00;Banque B;23644185;8.99;Normale;39.48;Oui;603.04;0
470;2024-01-20 13:00:00;Banque E;1907465;9.95;Normale;12.33;Non;622.63;0
471;2024-01-20 14:00:00;Banque D;8993057;9.39;Normale;22.34;Oui;680.66;0
472;2024-01-20 15:00:00;Banque E;22896860;5.84;Normale;49.28;Oui;694.28;0
473;2024-01-20 16:00:00;Banque E;46115710;5.93;Problématique;22.41;Oui;658.79;0
474;2024-01-20 17:00:00;Banque E;19123165;11.47;Problématique;8.68;Oui;619.8;0
475;2024-01-20 18:00:00;Banque B;47471512;7.93;Normale;24.27;Oui;677.6;0
476;2024-01-20 19:00:00;Banque D;549774;6.47;Normale;20.07;Oui;690.41;0
477;2024-01-20 20:00:00;Banque A;22174896;10.26;Normale;2.67;Oui;697.55;0
478;2024-01-20 21:00:00;Banque D;15331320;8.64;Normale;23.57;Non;672.61;0
479;2024-01-20 22:00:00;Banque B;10765718;2.69;Normale;26.06;Oui;682.2;0
480;2024-01-20 23:00:00;Banque C;12131889;7.7;Normale;28.14;Oui;621.02;0
481;2024-01-21 00:00:00;Banque D;42335729;10.78;Normale;13.51;Oui;632.09;0
482;2024-01-21 01:00:00;Banque E;6680752;10.93;Normale;28.4;Non;619.12;0
483;2024-01-21 02:00:00;Banque E;6232041;4.97;Normale;11.75;Peut-être;608.35;1
484;2024-01-21 03:00:00;Banque D;13140496;7.58;Normale;27.03;Oui;606.88;0
485;2024-01-21 04:00:00;Banque A;40428068;8.01;Normale;1.13;Oui;624.57;0
486;2024-01-21 05:00:00;Banque A;16559249;7.25;Normale;26.61;Oui;613.07;0
487;2024-01-21 06:00:00;Banque E;45025301;3.73;Normale;33.03;Oui;614.21;0
488;2024-01-21 07:00:00;Banque E;699425;8.27;Normale;;Oui;641.98;1
489;2024-01-21 08:00:00;Banque A;8652694;8.06;Normale;40.68;Oui;607.51;0
490;2024-01-21 09:00:00;Banque A;20612537;3.86;Normale;0.1;Oui;684.02;0
491;2024-01-21 10:00:00;Banque E;25982633;4.03;Normale;6.86;Oui;615.67;0
492;2024-01-21 11:00:00;Banque C;1569435;11.7;Normale;31.21;Oui;632.33;0
493;2024-01-21 12:00:00;Banque A;44190692;3.69;En Souffrance;6.62;Oui;677.68;0
494;2024-01-21 13:00:00;Banque B;9510840;11.35;Normale;42.42;Oui;646.26;0
495;2024-01-21 14:00:00;Banque B;6876325;6.63;Normale;5.0;Oui;614.32;0
496;2024-01-21 15:00:00;Banque C;29493922;6.03;Normale;32.09;Oui;621.85;0
497;2024-01-21 16:00:00;Banque C;47916951;5.75;Normale;27.58;Oui;698.89;1
498;2024-01-21 17:00:00;Banque D;28345306;3.43;Normale;28.82;Oui;620.4;0
499;2024-01-21 18:00:00;Banque B;4029900;6.43;Normale;33.29;Oui;668.61;0
500;2024-01-21 19:00:00;Banque E;49480753;4.17;Normale;34.37;Oui;615.4;0
501;2024-01-21 20:00:00;Banque D;42926308;11.5;En Souffrance;7.42;Oui;620.2;0
502;2024-01-21 21:00:00;Banque B;-33875954;9.3;Normale;33.42;Oui;644.88;1
503;2024-01-21 22:00:00;Banque C;35963111;4.2;Normale;15.13;Oui;600.02;0
504;2024-01-21 23:00:00;Banque C;27634710;10.43;Normale;20.53;Oui;693.88;0
505;2024-01-22 00:00:00;Banque B;35701065;7.67;Normale;22.18;Oui;609.82;0
506;2024-01-22 01:00:00;Banque B;23199933;6.23;Normale;26.27;Oui;613.34;0
507;2024-01-22 02:00:00;Banque E;45986799;5.22;Normale;31.66;Oui;688.93;0
508;2024-01-22 03:00:00;Banque B;38586288;10.83;Inconnu;24.43;Oui;675.92;1
509;2024-01-22 04:00:00;Banque E;46936780;7.31;Normale;44.78;Oui;665.54;0
510;2024-01-22 05:00:00;Banque E;725776;8.13;En Souffrance;19.55;Oui;689.66;0
511;2024-01-22 06:00:00;Banque A;48632070;2.84;Normale;22.03;Oui;616.74;0
512;2024-01-22 07:00:00;Banque B;2780027;4.47;Normale;32.78;Oui;643.42;0
513;2024-01-22 08:00:00;Banque B;17511194;11.18;Normale;34.42;Oui;646.07;0
514;2024-01-22 09:00:00;Banque A;46851185;4.58;En Souffrance;20.81;Oui;613.77;0
515;2024-01-22 10:00:00;Banque D;17482406;3.62;Normale;18.0;Oui;697.22;0
516;2024-01-22 11:00:00;Banque B;27206842;8.58;Normale;;Oui;643.96;1
517;2024-01-22 12:00:00;Banque A;46111878;6.59;Normale;14.84;Oui;652.53;0
518;2024-01-22 13:00:00;Banque B;10550445;9.7;Normale;5.79;Oui;692.92;0
519;2024-01-22 14:00:00;Banque B;40854464;4.6;Inconnu;23.95;Oui;670.5;1
520;2024-01-22 15:00:00;Banque D;29933594;5.86;En Souffrance;47.13;Oui;656.62;1
521;2024-01-22 16:00:00;Banque A;3674688;2.64;Normale;42.66;Oui;682.07;0
522;2024-01-22 17:00:00;Banque A;18174982;8.41;En Souffrance;5.53;Oui;635.8;0
523;2024-01-22 18:00:00;Banque A;26702590;7.09;Normale;27.76;Oui;640.73;0
524;2024-01-22 19:00:00;Banque C;17647129;8.63;En Souffrance;19.29;Oui;621.28;0
525;2024-01-22 20:00:00;Banque D;24208767;10.18;Normale;49.42;Oui;610.15;0
526;2024-01-22 21:00:00;Banque E;6762614;10.61;Normale;42.32;Oui;668.7;0
527;2024-01-22 22:00:00;Banque B;26545231;4.31;Normale;37.68;Oui;638.4;0
528;2024-01-22 23:00:00;Banque E;13918668;9.76;Normale;5.05;Oui;693.2;0
529;2024-01-23 00:00:00;Banque E;12760561;11.07;Normale;14.44;Oui;629.89;0
530;2024-01-23 01:00:00;Banque D;33669803;5.21;Normale;32.36;Oui;610.94;0
531;2024-01-23 02:00:00;Banque C;24475222;6.53;Problématique;10.31;Oui;668.38;0
532;2024-01-23 03:00:00;Banque B;13620262;3.79;Normale;29.09;Oui;660.63;0
533;2024-01-23 04:00:00;Banque D;14772294;9.45;Normale;48.24;Non;686.49;0
534;2024-01-23 05:00:00;Banque E;7289861;4.87;Normale;17.62;Oui;633.46;0
535;2024-01-23 06:00:00;Banque B;40973663;10.89;Normale;41.37;Oui;694.75;0
536;2024-01-23 07:00:00;Banque B;-34427966;11.51;Normale;28.47;Oui;617.2;1
537;2024-01-23 08:00:00;Banque D;30631669;8.92;Normale;22.36;Oui;684.59;0
538;2024-01-23 09:00:00;Banque A;49580315;8.8;Normale;44.57;Oui;634.99;0
539;2024-01-23 10:00:00;Banque A;10986032;10.66;Normale;30.47;Oui;680.43;0
540;2024-01-23 11:00:00;Banque D;20298095;10.26;Normale;34.27;Oui;698.23;0
541;2024-01-23 12:00:00;Banque E;23233821;5.8;Normale;21.66;Oui;637.71;0
542;2024-01-23 13:00:00;Banque C;17169348;6.96;Normale;16.51;Oui;605.29;0
543;2024-01-23 14:00:00;Banque A;17934531;7.22;Normale;7.99;Oui;650.17;0
544;2024-01-23 15:00:00;Banque A;21828651;6.51;Normale;27.88;Oui;659.57;0
545;2024-01-23 16:00:00;Banque E;12006813;8.83;Normale;19.36;Oui;628.95;0
546;2024-01-23 17:00:00;Banque B;9613081;7.5;Normale;34.86;Non;665.42;0
547;2024-01-23 18:00:00;Banque D;3072032;3.71;Normale;13.46;Oui;605.03;0
548;2024-01-23 19:00:00;Banque C;42247439;5.71;Inconnu;43.56;Oui;623.62;1
549;2024-01-23 20:00:00;Banque D;16624274;8.9;Normale;13.72;Oui;697.44;0
550;2024-01-23 21:00:00;Banque C;40206701;5.58;Normale;41.28;Oui;602.9;0
551;2024-01-23 22:00:00;Banque B;7675142;10.8;Normale;16.66;Oui;651.59;0
552;2024-01-23 23:00:00;Banque E;16624152;9.32;Normale;32.97;Oui;667.12;0
553;2024-01-24 00:00:00;Banque E;13881471;7.45;Normale;11.15;Non;675.5;0
554;2024-01-24 01:00:00;Banque D;35030287;9.08;Normale;30.5;Oui;666.16;0
555;2024-01-24 02:00:00;Banque D;9748901;3.38;Normale;22.31;Oui;671.05;0
556;2024-01-24 03:00:00;Banque B;21598310;6.71;Normale;25.81;Oui;638.91;0
557;2024-01-24 04:00:00;Banque A;28756507;7.86;Normale;38.37;Oui;678.89;0
558;2024-01-24 05:00:00;Banque A;27785827;8.64;Normale;8.1;Oui;649.24;0
559;2024-01-24 06:00:00;Banque C;10971134;3.63;Normale;4.24;Oui;601.47;0
560;2024-01-24 07:00:00;Banque B;-12774357;8.39;Normale;29.19;Oui;614.06;1
561;2024-01-24 08:00:00;Banque D;26769319;9.37;Normale;25.93;Oui;649.19;0
562;2024-01-24 09:00:00;Banque B;28934354;10.93;Normale;10.05;Oui;608.03;0
563;2024-01-24 10:00:00;Banque D;32273043;5.79;En Souffrance;13.49;Oui;639.57;0
564;2024-01-24 11:00:00;Banque C;15433775;7.59;Problématique;44.87;Oui;659.2;0
565;2024-01-24 12:00:00;Banque D;43032008;5.72;En Souffrance;22.37;Oui;676.12;0
566;2024-01-24 13:00:00;Banque E;32409927;3.46;En Souffrance;0.09;Oui;670.56;1
567;2024-01-24 14:00:00;Banque A;11746363;8.64;Normale;42.36;Oui;636.77;0
568;2024-01-24 15:00:00;Banque A;25160416;9.69;Normale;15.4;Oui;654.09;0
569;2024-01-24 16:00:00;Banque C;2817503;5.71;Normale;4.36;Oui;621.21;0
570;2024-01-24 17:00:00;Banque C;47225426;4.9;Normale;25.03;Oui;655.47;0
571;2024-01-24 18:00:00;Banque D;35870141;8.19;Normale;43.39;Oui;619.53;0
572;2024-01-24 19:00:00;Banque A;3303244;6.84;Normale;46.14;Non;698.63;0
573;2024-01-24 20:00:00;Banque A;30142656;7.41;Normale;26.14;Non;655.52;0
574;2024-01-24 21:00:00;Banque B;37271029;5.88;Normale;46.0;Oui;627.4;0
575;2024-01-24 22:00:00;Banque A;25333945;11.39;En Souffrance;34.99;Oui;612.82;0
576;2024-01-24 23:00:00;Banque D;25452704;9.16;Normale;8.11;Oui;672.11;0
577;2024-01-25 00:00:00;Banque B;42676301;3.9;En Souffrance;0.41;Oui;655.93;0
578;2024-01-25 01:00:00;Banque A;16286911;10.6;Normale;13.65;Oui;607.91;0
579;2024-01-25 02:00:00;Banque C;13652183;4.45;En Souffrance;46.71;Oui;616.63;0
580;2024-01-25 03:00:00;Banque D;28469527;50.0;En Souffrance;30.14;Oui;661.26;1
581;2024-01-25 04:00:00;Banque D;15509317;3.03;En Souffrance;14.41;Oui;604.44;0
582;2024-01-25 05:00:00;Banque E;29362479;9.13;Normale;32.37;Oui;671.13;1
583;2024-01-25 06:00:00;Banque E;4597901;3.57;Normale;29.95;Oui;616.72;0
584;2024-01-25 07:00:00;Banque E;1172124;4.49;En Souffrance;30.72;Oui;614.5;0
585;2024-01-25 08:00:00;Banque E;28490117;4.78;Normale;30.65;Oui;656.39;0
586;2024-01-25 09:00:00;Banque A;19543972;7.11;Normale;21.24;Oui;682.31;0
587;2024-01-25 10:00:00;Banque D;33147985;2.72;Normale;;Oui;607.44;1
588;2024-01-25 11:00:00;Banque E;28014695;6.86;Normale;27.75;Oui;681.66;0
589;2024-01-25 12:00:00;Banque D;10203125;50.0;Normale;5.99;Oui;624.58;1
590;2024-01-25 13:00:00;Banque E;45740638;6.44;Normale;7.75;Oui;694.77;0
591;2024-01-25 14:00:00;Banque D;11890735;3.26;Normale;29.01;Oui;655.72;0
592;2024-01-25 15:00:00;Banque A;26250303;8.82;En Souffrance;33.89;Oui;672.41;0
593;2024-01-25 16:00:00;Banque B;10567636;9.44;Normale;29.82;Oui;643.77;0
594;2024-01-25 17:00:00;Banque C;33434146;9.9;Normale;6.02;Oui;604.68;0
595;2024-01-25 18:00:00;Banque A;17427675;7.46;Normale;31.19;Oui;654.58;0
596;2024-01-25 19:00:00;Banque B;12858495;5.41;Normale;28.29;Oui;693.22;0
597;2024-01-25 20:00:00;Banque D;48528140;8.36;Normale;49.16;Oui;652.15;0
598;2024-01-25 21:00:00;Banque A;23213089;11.85;Normale;39.48;Oui;649.37;0
599;2024-01-25 22:00:00;Banque C;39365933;50.0;Normale;16.07;Oui;690.03;1
600;2024-01-25 23:00:00;Banque C;42419294;10.0;En Souffrance;8.3;Oui;607.15;0
601;2024-01-26 00:00:00;Banque D;43742973;3.78;Normale;15.25;Oui;634.33;0
602;2024-01-26 01:00:00;Banque B;3860770;6.98;Normale;48.93;Oui;635.79;0
603;2024-01-26 02:00:00;Banque C;22954881;10.6;Normale;36.74;Oui;621.23;0
604;2024-01-26 03:00:00;Banque B;1180776;2.65;Normale;30.33;Oui;685.21;0
605;2024-01-26 04:00:00;Banque E;28700863;3.08;Normale;12.11;Oui;622.85;0
606;2024-01-26 05:00:00;Banque A;7873023;9.81;Normale;0.98;Oui;669.89;0
607;2024-01-26 06:00:00;Banque D;25094860;7.01;Normale;24.45;Non;600.65;0
608;2024-01-26 07:00:00;Banque D;9322466;11.33;Normale;41.67;Oui;690.12;0
609;2024-01-26 08:00:00;Banque E;20389631;4.47;Normale;29.64;Oui;698.84;0
610;2024-01-26 09:00:00;Banque E;25798823;5.3;Normale;3.34;Oui;638.27;0
611;2024-01-26 10:00:00;Banque A;33327257;4.84;Normale;39.13;Oui;697.22;0
612;2024-01-26 11:00:00;Banque E;27117984;6.78;En Souffrance;;Oui;649.14;1
613;2024-01-26 12:00:00;Banque C;47898764;8.89;En Souffrance;45.9;Oui;628.27;0
614;2024-01-26 13:00:00;Banque B;45389186;6.82;Normale;48.24;Oui;696.55;0
615;2024-01-26 14:00:00;Banque A;31144321;7.22;En Souffrance;40.66;Oui;657.16;0
616;2024-01-26 15:00:00;Banque C;11193037;5.01;Normale;9.07;Oui;626.72;0
617;2024-01-26 16:00:00;Banque D;27850597;9.59;Normale;9.54;Oui;651.91;0
618;2024-01-26 17:00:00;Banque D;3272518;3.26;Normale;7.55;Oui;627.42;0
619;2024-01-26 18:00:00;Banque D;12076689;3.97;Normale;37.39;Oui;605.37;0
620;2024-01-26 19:00:00;Banque E;11918793;6.37;Normale;12.1;Oui;683.38;0
621;2024-01-26 20:00:00;Banque E;764834;7.12;En Souffrance;20.6;Oui;629.85;0
622;2024-01-26 21:00:00;Banque B;43357367;3.96;Normale;1.32;Oui;615.04;0
623;2024-01-26 22:00:00;Banque B;33227463;6.14;Inconnu;18.42;Oui;619.67;1
624;2024-01-26 23:00:00;Banque C;5118607;4.12;Normale;20.32;Oui;623.95;0
625;2024-01-27 00:00:00;Banque A;38974466;8.65;Normale;37.7;Oui;630.02;0
626;2024-01-27 01:00:00;Banque A;37539857;5.44;Normale;5.72;Oui;660.46;0
627;2024-01-27 02:00:00;Banque A;13666627;4.78;Normale;36.15;Oui;660.22;0
628;2024-01-27 03:00:00;Banque B;35165184;5.2;Normale;17.23;Oui;656.18;0
629;2024-01-27 04:00:00;Banque B;37171775;11.81;Normale;1.14;Oui;679.21;0
630;2024-01-27 05:00:00;Banque E;18006634;10.87;Normale;30.6;Oui;698.35;0
631;2024-01-27 06:00:00;Banque B;10349898;4.6;En Souffrance;12.76;Oui;652.74;0
632;2024-01-27 07:00:00;Banque A;37565881;7.71;Normale;37.44;Oui;661.33;0
633;2024-01-27 08:00:00;Banque B;47772308;2.75;En Souffrance;25.65;Oui;609.56;0
634;2024-01-27 09:00:00;Banque A;31001103;6.69;Normale;14.76;Oui;607.55;0
635;2024-01-27 10:00:00;Banque C;12035966;5.3;Normale;1.89;Oui;689.99;0
636;2024-01-27 11:00:00;Banque A;20740095;10.23;Normale;29.42;Oui;608.04;0
637;2024-01-27 12:00:00;Banque B;13292039;11.14;En Souffrance;1.58;Oui;693.7;0
638;2024-01-27 13:00:00;Banque E;34551542;8.37;Normale;46.64;Non;698.08;0
639;2024-01-27 14:00:00;Banque E;11734655;7.31;Problématique;12.48;Oui;649.0;0
640;2024-01-27 15:00:00;Banque C;40379280;9.78;Normale;30.37;Oui;673.86;0
641;2024-01-27 16:00:00;Banque E;13024119;2.84;Normale;11.26;Oui;690.75;0
642;2024-01-27 17:00:00;Banque E;21204967;8.45;Normale;29.03;Oui;656.18;0
643;2024-01-27 18:00:00;Banque B;10423165;3.93;Normale;38.44;Oui;687.99;0
644;2024-01-27 19:00:00;Banque C;39248985;8.91;Normale;17.23;Oui;612.14;0
645;2024-01-27 20:00:00;Banque D;49463007;7.83;Normale;4.89;Oui;690.95;0
646;2024-01-27 21:00:00;Banque C;11588820;3.43;Normale;6.99;Non;670.33;0
647;2024-01-27 22:00:00;Banque D;10520812;5.51;Problématique;46.72;Oui;649.43;0
648;2024-01-27 23:00:00;Banque A;6579767;5.03;En Souffrance;41.29;Oui;679.34;0
649;2024-01-28 00:00:00;Banque C;7959766;9.8;En Souffrance;10.33;Oui;698.72;0
650;2024-01-28 01:00:00;Banque C;42732590;50.0;Normale;7.43;Oui;686.73;1
651;2024-01-28 02:00:00;Banque B;39494154;5.47;Normale;10.77;Oui;615.02;0
652;2024-01-28 03:00:00;Banque C;47502861;7.39;Normale;42.55;Oui;680.9;0
653;2024-01-28 04:00:00;Banque E;34448157;6.71;Normale;19.84;Oui;614.09;0
654;2024-01-28 05:00:00;Banque C;39476199;11.29;Normale;47.37;Oui;697.31;0
655;2024-01-28 06:00:00;Banque E;29314849;5.65;Inconnu;43.93;Non;698.87;1
656;2024-01-28 07:00:00;Banque E;42725411;5.66;Normale;29.55;Oui;692.01;0
657;2024-01-28 08:00:00;Banque B;3380724;2.67;Inconnu;46.13;Oui;696.64;1
658;2024-01-28 09:00:00;Banque D;21500512;11.09;Normale;27.53;Oui;622.51;0
659;2024-01-28 10:00:00;Banque B;28136351;3.81;Problématique;4.32;Oui;626.24;0
660;2024-01-28 11:00:00;Banque A;12352263;9.82;Normale;47.48;Oui;635.43;0
661;2024-01-28 12:00:00;Banque D;42568499;3.6;Normale;49.64;Oui;607.52;0
662;2024-01-28 13:00:00;Banque A;44984375;8.82;Normale;24.29;Oui;694.72;0
663;2024-01-28 14:00:00;Banque B;29929717;11.41;Normale;21.07;Oui;657.72;0
664;2024-01-28 15:00:00;Banque C;46403817;3.93;En Souffrance;34.98;Non;614.01;0
665;2024-01-28 16:00:00;Banque E;5344433;2.76;Normale;42.63;Oui;619.74;0
666;2024-01-28 17:00:00;Banque A;5213708;8.21;Normale;10.02;Oui;650.68;0
667;2024-01-28 18:00:00;Banque C;19689865;2.55;En Souffrance;15.55;Oui;603.67;0
668;2024-01-28 19:00:00;Banque A;33562289;7.1;Normale;38.68;Oui;607.38;0
669;2024-01-28 20:00:00;Banque A;29913143;10.48;Normale;34.01;Oui;699.06;0
670;2024-01-28 21:00:00;Banque C;46529033;11.83;En Souffrance;40.08;Oui;661.83;0
671;2024-01-28 22:00:00;Banque B;-37284442;6.81;Normale;2.54;Oui;649.02;1
672;2024-01-28 23:00:00;Banque A;36492101;11.74;Normale;36.87;Oui;662.95;1
673;2024-01-29 00:00:00;Banque B;6571057;5.13;En Souffrance;27.69;Oui;652.68;0
674;2024-01-29 01:00:00;Banque A;38312714;9.29;En Souffrance;3.46;Oui;689.34;0
675;2024-01-29 02:00:00;Banque E;45837316;6.06;Normale;46.19;Oui;687.26;0
676;2024-01-29 03:00:00;Banque E;1863553;5.07;Problématique;39.85;Oui;698.17;0
677;2024-01-29 04:00:00;Banque A;27045249;8.76;Inconnu;10.83;Oui;649.38;1
678;2024-01-29 05:00:00;Banque A;42560955;9.61;En Souffrance;0.21;Oui;683.15;0
679;2024-01-29 06:00:00;Banque D;13989633;6.39;Normale;10.92;Oui;646.74;0
680;2024-01-29 07:00:00;Banque A;20755796;3.31;Problématique;41.57;Oui;623.26;0
681;2024-01-29 08:00:00;Banque C;45846129;6.85;Normale;7.32;Oui;601.58;0
682;2024-01-29 09:00:00;Banque A;20831537;4.94;En Souffrance;42.8;Oui;687.52;0
683;2024-01-29 10:00:00;Banque B;19597517;7.4;Inconnu;8.37;Oui;645.83;1
684;2024-01-29 11:00:00;Banque C;43816308;3.1;Normale;39.77;Oui;675.84;0
685;2024-01-29 12:00:00;Banque A;14487152;11.89;Problématique;4.38;Oui;647.26;0
686;2024-01-29 13:00:00;Banque C;6606153;6.59;Normale;35.26;Oui;637.19;0
687;2024-01-29 14:00:00;Banque E;11733107;9.99;Normale;37.57;Oui;654.05;0
688;2024-01-29 15:00:00;Banque A;741483;3.18;En Souffrance;17.58;Oui;603.78;0
689;2024-01-29 16:00:00;Banque D;8737589;4.27;Normale;10.58;Oui;699.94;0
690;2024-01-29 17:00:00;Banque E;46561998;50.0;Normale;5.6;Oui;641.94;1
691;2024-01-29 18:00:00;Banque C;33543533;5.59;Normale;8.33;Oui;698.71;0
692;2024-01-29 19:00:00;Banque C;22914790;11.86;Normale;35.16;Oui;600.48;0
693;2024-01-29 20:00:00;Banque C;22504642;9.19;Normale;14.29;Oui;601.91;0
694;2024-01-29 21:00:00;Banque A;8743710;5.62;Normale;39.39;Oui;657.37;0
695;2024-01-29 22:00:00;Banque C;35501210;8.19;Normale;16.47;Oui;607.88;0
696;2024-01-29 23:00:00;Banque B;18694083;6.29;Normale;29.3;Oui;610.89;0
697;2024-01-30 00:00:00;Banque E;43373303;9.14;Normale;8.51;Oui;689.18;0
698;2024-01-30 01:00:00;Banque D;4058070;11.1;Normale;4.64;Oui;629.1;0
699;2024-01-30 02:00:00;Banque D;10419857;11.2;Normale;31.86;Oui;626.13;0
700;2024-01-30 03:00:00;Banque A;44889008;6.86;Normale;39.77;Oui;630.95;0
701;2024-01-30 04:00:00;Banque C;4331113;6.16;Normale;6.93;Oui;643.06;0
702;2024-01-30 05:00:00;Banque E;5658656;11.93;Normale;39.86;Oui;638.25;0
703;2024-01-30 06:00:00;Banque E;14640412;5.58;Problématique;49.5;Oui;631.58;0
704;2024-01-30 07:00:00;Banque A;36578034;3.58;Normale;31.21;Oui;628.65;0
705;2024-01-30 08:00:00;Banque C;1836710;6.53;Normale;34.6;Oui;642.82;0
706;2024-01-30 09:00:00;Banque D;22577212;4.11;Normale;7.05;Oui;691.67;0
707;2024-01-30 10:00:00;Banque B;20533915;3.32;Normale;21.9;Oui;677.46;0
708;2024-01-30 11:00:00;Banque B;9988347;3.33;Normale;26.39;Oui;628.89;0
709;2024-01-30 12:00:00;Banque A;7243179;7.1;En Souffrance;0.12;Oui;654.08;0
710;2024-01-30 13:00:00;Banque D;38883903;10.07;Normale;9.56;Oui;663.45;0
711;2024-01-30 14:00:00;Banque E;32473963;11.0;Normale;11.22;Oui;699.39;0
712;2024-01-30 15:00:00;Banque C;7917765;9.59;Normale;46.35;Oui;613.38;0
713;2024-01-30 16:00:00;Banque E;21226896;3.34;Normale;46.16;Oui;677.19;0
714;2024-01-30 17:00:00;Banque E;3912503;10.86;Normale;22.1;Peut-être;638.8;1
715;2024-01-30 18:00:00;Banque E;47125033;10.18;Normale;32.62;Oui;682.62;0
716;2024-01-30 19:00:00;Banque C;8935403;11.49;Normale;35.39;Oui;694.44;0
717;2024-01-30 20:00:00;Banque C;30262971;8.46;Normale;30.15;Oui;629.03;0
718;2024-01-30 21:00:00;Banque E;26101445;9.65;Normale;14.74;Oui;661.63;0
719;2024-01-30 22:00:00;Banque C;8341958;11.11;Normale;4.37;Oui;648.38;0
720;2024-01-30 23:00:00;Banque E;18687960;9.56;Normale;16.59;Non;650.27;0
721;2024-01-31 00:00:00;Banque A;23350652;2.73;Normale;16.25;Oui;637.68;0
722;2024-01-31 01:00:00;Banque E;39483589;4.19;En Souffrance;29.83;Oui;601.92;0
723;2024-01-31 02:00:00;Banque A;30622692;5.03;Normale;44.83;Oui;636.27;0
724;2024-01-31 03:00:00;Banque D;29476198;11.85;Normale;5.31;Oui;621.89;0
725;2024-01-31 04:00:00;Banque A;1006704;8.63;En Souffrance;4.27;Oui;639.31;0
726;2024-01-31 05:00:00;Banque E;48048682;5.12;Normale;41.1;Oui;607.77;0
727;2024-01-31 06:00:00;Banque C;23972902;5.41;Normale;33.44;Oui;622.91;0
728;2024-01-31 07:00:00;Banque B;49740875;4.99;Normale;43.4;Oui;683.84;0
729;2024-01-31 08:00:00;Banque A;11828787;5.08;Normale;45.32;Oui;641.33;0
730;2024-01-31 09:00:00;Banque A;22613645;9.68;Problématique;31.46;Oui;642.05;0
731;2024-01-31 10:00:00;Banque B;25184338;9.04;En Souffrance;9.33;Non;654.55;0
732;2024-01-31 11:00:00;Banque A;15405040;3.7;Normale;29.58;Oui;635.2;0
733;2024-01-31 12:00:00;Banque D;13376093;9.04;Normale;11.1;Oui;639.97;0
734;2024-01-31 13:00:00;Banque D;32906435;2.52;Normale;47.3;Peut-être;663.65;1
735;2024-01-31 14:00:00;Banque E;24705934;6.38;Normale;39.23;Oui;683.58;0
736;2024-01-31 15:00:00;Banque A;40962151;7.02;En Souffrance;37.9;Oui;616.89;0
737;2024-01-31 16:00:00;Banque B;40215200;10.2;En Souffrance;15.45;Oui;627.87;0
738;2024-01-31 17:00:00;Banque D;35366287;5.92;Normale;38.33;Oui;626.56;0
739;2024-01-31 18:00:00;Banque D;13221856;7.51;Normale;9.83;Oui;674.65;0
740;2024-01-31 19:00:00;Banque D;37712742;6.92;Normale;45.21;Oui;668.78;0
741;2024-01-31 20:00:00;Banque E;47588121;9.86;Normale;46.42;Oui;640.25;0
742;2024-01-31 21:00:00;Banque A;16906177;6.15;Normale;30.47;Oui;648.72;0
743;2024-01-31 22:00:00;Banque E;6934596;9.34;En Souffrance;15.09;Oui;628.67;0
744;2024-01-31 23:00:00;Banque D;36004398;6.84;Normale;8.08;Oui;680.57;0
745;2024-02-01 00:00:00;Banque D;8554971;8.1;Normale;8.83;Oui;603.58;0
746;2024-02-01 01:00:00;Banque E;6244334;8.92;Problématique;20.8;Oui;698.87;0
747;2024-02-01 02:00:00;Banque D;32197426;7.43;Normale;2.58;Oui;688.2;0
748;2024-02-01 03:00:00;Banque A;31386520;11.27;Problématique;15.0;Oui;618.42;0
749;2024-02-01 04:00:00;Banque A;30071893;7.86;En Souffrance;49.19;Oui;603.53;0
750;2024-02-01 05:00:00;Banque A;4479195;8.97;Normale;25.86;Oui;610.54;0
751;2024-02-01 06:00:00;Banque A;11783921;7.83;Normale;40.91;Oui;650.17;0
752;2024-02-01 07:00:00;Banque C;49051782;9.6;Normale;38.28;Oui;613.51;0
753;2024-02-01 08:00:00;Banque B;47990614;8.4;Normale;7.13;Oui;681.48;0
754;2024-02-01 09:00:00;Banque C;48797807;10.44;En Souffrance;25.72;Oui;691.82;0
755;2024-02-01 10:00:00;Banque D;39649660;10.34;Normale;0.45;Oui;626.87;0
756;2024-02-01 11:00:00;Banque D;5499279;3.17;Normale;39.07;Oui;604.93;0
757;2024-02-01 12:00:00;Banque A;40552484;5.09;Normale;36.77;Oui;699.87;0
758;2024-02-01 13:00:00;Banque E;19292101;4.05;Normale;40.52;Oui;686.97;0
759;2024-02-01 14:00:00;Banque C;8878312;10.61;Normale;48.21;Oui;630.57;0
760;2024-02-01 15:00:00;Banque B;1376320;3.36;Normale;0.74;Oui;600.06;0
761;2024-02-01 16:00:00;Banque B;20372886;8.56;Problématique;41.74;Oui;687.64;0
762;2024-02-01 17:00:00;Banque A;38618695;6.0;Normale;40.1;Oui;663.98;0
763;2024-02-01 18:00:00;Banque C;20436104;11.55;Normale;36.3;Oui;603.43;0
764;2024-02-01 19:00:00;Banque A;16330557;7.91;Normale;28.57;Oui;600.59;0
765;2024-02-01 20:00:00;Banque E;21174454;6.92;En Souffrance;43.84;Oui;692.38;0
766;2024-02-01 21:00:00;Banque E;42718849;4.1;Problématique;33.53;Oui;680.2;0
767;2024-02-01 22:00:00;Banque C;28047973;10.47;Normale;16.81;Oui;696.08;0
768;2024-02-01 23:00:00;Banque E;23213793;10.98;Normale;20.48;Oui;676.25;0
769;2024-02-02 00:00:00;Banque A;36300171;5.54;Normale;16.2;Oui;654.92;0
770;2024-02-02 01:00:00;Banque C;20496436;8.96;En Souffrance;42.34;Oui;669.81;0
771;2024-02-02 02:00:00;Banque D;15368382;3.94;Normale;35.81;Oui;690.59;0
772;2024-02-02 03:00:00;Banque E;26704752;6.87;Normale;33.75;Oui;624.8;0
773;2024-02-02 04:00:00;Banque C;48489406;8.29;Normale;7.7;Oui;688.81;0
774;2024-02-02 05:00:00;Banque A;48758983;7.5;Normale;41.06;Non;619.05;0
775;2024-02-02 06:00:00;Banque D;2179634;11.35;Normale;41.69;Oui;638.35;0
776;2024-02-02 07:00:00;Banque D;6157645;3.66;Normale;12.98;Oui;690.79;0
777;2024-02-02 08:00:00;Banque E;40158849;3.18;Normale;16.69;Oui;631.77;0
778;2024-02-02 09:00:00;Banque C;20286022;10.51;Normale;1.85;Oui;656.15;0
779;2024-02-02 10:00:00;Banque C;49070373;3.6;Normale;19.42;Oui;640.53;0
780;2024-02-02 11:00:00;Banque A;5655592;11.16;Normale;21.06;Oui;629.49;0
781;2024-02-02 12:00:00;Banque C;25075286;3.85;Inconnu;10.75;Oui;644.32;1
782;2024-02-02 13:00:00;Banque D;31297445;9.33;Normale;11.98;Oui;656.24;0
783;2024-02-02 14:00:00;Banque D;11987020;7.86;Normale;33.88;Oui;670.91;0
784;2024-02-02 15:00:00;Banque E;1848775;9.84;Normale;20.2;Oui;635.5;0
785;2024-02-02 16:00:00;Banque C;26994738;3.63;En Souffrance;22.45;Oui;693.66;0
786;2024-02-02 17:00:00;Banque C;3784845;11.93;Normale;32.54;Oui;601.11;0
787;2024-02-02 18:00:00;Banque D;47961840;5.09;Normale;40.13;Oui;651.6;0
788;2024-02-02 19:00:00;Banque A;5698123;3.07;Inconnu;36.47;Oui;632.75;1
789;2024-02-02 20:00:00;Banque A;10069098;9.9;Normale;28.52;Oui;667.05;0
790;2024-02-02 21:00:00;Banque B;16368905;5.98;Normale;21.05;Oui;695.99;0
791;2024-02-02 22:00:00;Banque A;4128163;6.91;Normale;46.08;Oui;689.83;0
792;2024-02-02 23:00:00;Banque E;4007188;11.14;En Souffrance;44.02;Oui;684.14;0
793;2024-02-03 00:00:00;Banque A;28253321;8.13;Normale;36.99;Non;665.07;0
794;2024-02-03 01:00:00;Banque E;13027632;4.07;En Souffrance;39.13;Oui;624.81;0
795;2024-02-03 02:00:00;Banque A;5132920;10.84;Normale;40.18;Oui;661.03;0
796;2024-02-03 03:00:00;Banque B;7310985;4.81;Normale;18.4;Oui;681.87;0
797;2024-02-03 04:00:00;Banque B;42310472;4.95;Normale;14.42;Oui;688.84;0
798;2024-02-03 05:00:00;Banque C;24088633;3.78;Normale;18.47;Oui;698.13;0
799;2024-02-03 06:00:00;Banque E;23508210;3.64;Normale;7.97;Oui;642.11;0
800;2024-02-03 07:00:00;Banque E;1953969;2.7;En Souffrance;17.66;Oui;644.84;0
801;2024-02-03 08:00:00;Banque C;35592807;2.62;Normale;48.9;Oui;694.59;0
802;2024-02-03 09:00:00;Banque E;35033951;8.23;Normale;42.63;Oui;661.2;0
803;2024-02-03 10:00:00;Banque B;42743541;9.42;En Souffrance;1.36;Oui;632.31;1
804;2024-02-03 11:00:00;Banque E;18532949;5.92;En Souffrance;22.41;Oui;656.98;0
805;2024-02-03 12:00:00;Banque D;38371814;9.51;Normale;5.62;Non;623.82;0
806;2024-02-03 13:00:00;Banque C;44750518;6.98;Normale;12.22;Oui;675.4;0
807;2024-02-03 14:00:00;Banque E;28698949;3.38;Normale;2.12;Oui;614.09;0
808;2024-02-03 15:00:00;Banque C;9395506;5.71;Normale;27.19;Oui;637.54;0
809;2024-02-03 16:00:00;Banque A;33238468;3.47;Normale;33.1;Non;687.29;0
810;2024-02-03 17:00:00;Banque D;36222088;8.23;Normale;3.9;Oui;678.19;0
811;2024-02-03 18:00:00;Banque B;33060618;8.2;Normale;19.77;Oui;610.07;0
812;2024-02-03 19:00:00;Banque A;5915619;11.95;Normale;38.68;Oui;659.9;0
813;2024-02-03 20:00:00;Banque C;47173770;4.22;Normale;23.28;Oui;662.38;0
814;2024-02-03 21:00:00;Banque C;19072081;4.25;Normale;28.93;Oui;689.93;0
815;2024-02-03 22:00:00;Banque D;48190291;4.03;Normale;48.34;Oui;646.52;0
816;2024-02-03 23:00:00;Banque E;9848862;6.77;Normale;2.7;Peut-être;666.75;1
817;2024-02-04 00:00:00;Banque B;5147192;4.36;Normale;30.13;Oui;614.18;0
818;2024-02-04 01:00:00;Banque A;34828192;9.13;Normale;6.69;Oui;613.48;0
819;2024-02-04 02:00:00;Banque B;29093121;6.78;Normale;6.41;Oui;648.34;0
820;2024-02-04 03:00:00;Banque E;40559013;6.77;Normale;12.52;Oui;636.59;0
821;2024-02-04 04:00:00;Banque C;24337584;3.58;Normale;46.02;Oui;670.87;0
822;2024-02-04 05:00:00;Banque E;34057260;3.25;Normale;20.41;Oui;654.53;0
823;2024-02-04 06:00:00;Banque B;23616708;8.09;Normale;43.05;Oui;622.55;0
824;2024-02-04 07:00:00;Banque A;37546602;4.06;Normale;9.71;Oui;600.23;0
825;2024-02-04 08:00:00;Banque B;2037018;9.01;Normale;21.35;Oui;602.46;0
826;2024-02-04 09:00:00;Banque C;12357143;6.3;En Souffrance;37.7;Oui;625.02;1
827;2024-02-04 10:00:00;Banque A;12533884;3.74;Normale;0.42;Oui;616.29;0
828;2024-02-04 11:00:00;Banque A;39650472;10.04;Normale;7.09;Oui;654.76;0
829;2024-02-04 12:00:00;Banque D;2649228;5.22;Normale;39.27;Oui;659.74;0
830;2024-02-04 13:00:00;Banque D;38789817;10.18;Normale;48.22;Oui;608.29;0
831;2024-02-04 14:00:00;Banque D;16554934;4.04;En Souffrance;18.52;Oui;669.44;0
832;2024-02-04 15:00:00;Banque A;18156142;9.33;Normale;24.78;Oui;643.72;0
833;2024-02-04 16:00:00;Banque C;-1416023;5.05;Normale;37.6;Oui;622.52;1
834;2024-02-04 17:00:00;Banque D;47696587;5.2;Normale;42.23;Oui;634.34;0
835;2024-02-04 18:00:00;Banque D;38719745;11.96;Normale;11.82;Oui;619.83;0
836;2024-02-04 19:00:00;Banque D;16109283;8.39;Normale;43.82;Oui;663.96;0
837;2024-02-04 20:00:00;Banque A;32547760;11.04;Normale;15.9;Oui;607.27;0
838;2024-02-04 21:00:00;Banque A;37977403;50.0;Normale;8.99;Oui;634.04;1
839;2024-02-04 22:00:00;Banque B;5624408;7.33;Normale;22.68;Oui;673.8;0
840;2024-02-04 23:00:00;Banque A;44800506;5.46;Normale;35.41;Oui;682.08;0
841;2024-02-05 00:00:00;Banque D;43472219;8.21;Normale;14.7;Oui;607.36;0
842;2024-02-05 01:00:00;Banque C;12246525;8.52;Normale;6.73;Oui;652.59;0
843;2024-02-05 02:00:00;Banque A;43428951;10.37;Normale;31.68;Oui;604.46;0
844;2024-02-05 03:00:00;Banque C;48168710;6.55;Normale;44.02;Oui;678.82;0
845;2024-02-05 04:00:00;Banque C;16537022;6.33;Normale;14.68;Oui;613.34;0
846;2024-02-05 05:00:00;Banque B;23577234;3.32;Normale;14.1;Oui;684.59;0
847;2024-02-05 06:00:00;Banque A;46892560;10.32;En Souffrance;13.45;Oui;678.13;0
848;2024-02-05 07:00:00;Banque B;47981056;8.57;En Souffrance;20.06;Oui;639.92;0
849;2024-02-05 08:00:00;Banque C;49761346;4.15;Normale;8.48;Non;634.21;1
850;2024-02-05 09:00:00;Banque A;18783408;5.46;Normale;5.58;Oui;684.86;0
851;2024-02-05 10:00:00;Banque E;45383021;4.2;Normale;33.92;Oui;631.22;0
852;2024-02-05 11:00:00;Banque B;31203924;5.27;Normale;44.47;Oui;658.46;0
853;2024-02-05 12:00:00;Banque D;30030761;10.35;Normale;35.89;Oui;649.37;0
854;2024-02-05 13:00:00;Banque A;21527618;4.25;Normale;21.26;Oui;663.92;0
855;2024-02-05 14:00:00;Banque B;40996682;5.97;Normale;45.5;Oui;691.28;1
856;2024-02-05 15:00:00;Banque D;49982528;2.57;En Souffrance;9.47;Oui;608.93;0
857;2024-02-05 16:00:00;Banque A;37344988;50.0;Normale;41.37;Oui;623.44;1
858;2024-02-05 17:00:00;Banque B;31517620;4.65;En Souffrance;18.18;Oui;600.91;0
859;2024-02-05 18:00:00;Banque B;34678159;3.12;Normale;39.69;Oui;649.85;0
860;2024-02-05 19:00:00;Banque D;16105167;8.76;Normale;26.56;Oui;639.69;0
861;2024-02-05 20:00:00;Banque A;33527104;9.86;Normale;;Oui;634.29;1
862;2024-02-05 21:00:00;Banque E;14322607;10.72;Normale;33.21;Oui;643.2;0
863;2024-02-05 22:00:00;Banque A;1460189;7.85;Normale;31.63;Oui;607.89;0
864;2024-02-05 23:00:00;Banque B;34942633;50.0;Normale;34.38;Oui;635.0;1
865;2024-02-06 00:00:00;Banque B;9566407;6.26;Normale;1.57;Oui;609.02;1
866;2024-02-06 01:00:00;Banque C;14943308;5.04;Normale;32.83;Oui;600.38;0
867;2024-02-06 02:00:00;Banque B;6246041;9.41;Normale;9.85;Oui;633.15;0
868;2024-02-06 03:00:00;Banque C;38605933;9.73;Normale;38.77;Oui;644.0;0
869;2024-02-06 04:00:00;Banque C;1162713;4.68;Normale;33.52;Non;695.47;0
870;2024-02-06 05:00:00;Banque B;29164052;6.22;Normale;40.3;Oui;675.47;0
871;2024-02-06 06:00:00;Banque E;31074214;10.74;Normale;33.43;Oui;682.22;0
872;2024-02-06 07:00:00;Banque B;48348351;7.88;Normale;34.29;Oui;645.92;0
873;2024-02-06 08:00:00;Banque B;13288637;8.57;Normale;48.36;Oui;632.35;0
874;2024-02-06 09:00:00;Banque E;33859053;2.79;Normale;32.99;Oui;631.88;0
875;2024-02-06 10:00:00;Banque A;16423497;10.46;Normale;15.91;Oui;663.16;0
876;2024-02-06 11:00:00;Banque E;44480785;11.4;Normale;18.92;Oui;654.07;0
877;2024-02-06 12:00:00;Banque C;3575034;8.87;En Souffrance;20.75;Oui;631.73;0
878;2024-02-06 13:00:00;Banque B;32631383;5.12;Inconnu;1.63;Oui;606.96;1
879;2024-02-06 14:00:00;Banque D;34785873;7.33;Normale;43.58;Oui;680.25;0
880;2024-02-06 15:00:00;Banque D;28236765;11.02;Normale;;Oui;617.49;1
881;2024-02-06 16:00:00;Banque E;35587217;4.42;Normale;43.81;Oui;607.09;0
882;2024-02-06 17:00:00;Banque B;44939897;6.43;Normale;44.17;Oui;699.04;0
883;2024-02-06 18:00:00;Banque C;35223676;10.88;Normale;21.73;Oui;670.96;0
884;2024-02-06 19:00:00;Banque D;24285690;4.18;Normale;19.37;Oui;613.81;0
885;2024-02-06 20:00:00;Banque C;44259603;11.0;Normale;24.93;Oui;628.61;0
886;2024-02-06 21:00:00;Banque D;49481338;11.7;En Souffrance;47.23;Oui;635.64;0
887;2024-02-06 22:00:00;Banque B;37201229;10.88;Normale;32.35;Oui;627.59;0
888;2024-02-06 23:00:00;Banque D;7421564;3.85;Normale;29.28;Oui;675.49;0
889;2024-02-07 00:00:00;Banque A;3133761;5.77;En Souffrance;14.8;Oui;686.5;0
890;2024-02-07 01:00:00;Banque E;39685559;2.59;Normale;34.74;Oui;690.6;0
891;2024-02-07 02:00:00;Banque E;6850616;4.36;Normale;7.07;Oui;660.88;1
892;2024-02-07 03:00:00;Banque C;30075187;8.75;Normale;30.87;Oui;639.31;0
893;2024-02-07 04:00:00;Banque A;32240180;3.64;Normale;4.55;Oui;623.21;0
894;2024-02-07 05:00:00;Banque B;32878796;4.48;Normale;2.57;Oui;656.0;0
895;2024-02-07 06:00:00;Banque C;23157317;4.56;Normale;47.99;Oui;657.33;0
896;2024-02-07 07:00:00;Banque B;11327284;8.52;Normale;17.87;Oui;660.0;0
897;2024-02-07 08:00:00;Banque D;15357967;4.43;Normale;1.69;Oui;627.53;0
898;2024-02-07 09:00:00;Banque B;1446587;4.81;Normale;32.51;Oui;683.73;0
899;2024-02-07 10:00:00;Banque C;30776914;3.29;Problématique;4.27;Oui;623.08;0
900;2024-02-07 11:00:00;Banque D;43343227;6.86;Normale;11.83;Oui;655.74;0
901;2024-02-07 12:00:00;Banque C;33051643;7.37;Normale;18.31;Oui;667.02;0
902;2024-02-07 13:00:00;Banque C;19415880;10.88;En Souffrance;32.97;Oui;678.11;0
903;2024-02-07 14:00:00;Banque A;20739497;4.3;Normale;16.96;Oui;602.08;0
904;2024-02-07 15:00:00;Banque D;26495112;9.32;Normale;35.21;Oui;628.24;0
905;2024-02-07 16:00:00;Banque D;1305971;11.43;En Souffrance;25.78;Oui;659.68;0
906;2024-02-07 17:00:00;Banque B;14787574;3.53;Normale;38.25;Oui;666.68;0
907;2024-02-07 18:00:00;Banque C;48672109;7.9;En Souffrance;5.03;Oui;619.32;0
908;2024-02-07 19:00:00;Banque B;35546404;10.21;Normale;24.5;Oui;623.48;0
909;2024-02-07 20:00:00;Banque A;46177495;6.39;En Souffrance;47.58;Oui;681.5;0
910;2024-02-07 21:00:00;Banque E;43882799;9.22;Normale;40.34;Oui;614.58;0
911;2024-02-07 22:00:00;Banque E;919659;3.87;Normale;12.88;Oui;604.82;0
912;2024-02-07 23:00:00;Banque B;29398464;5.03;Normale;19.23;Oui;613.21;0
913;2024-02-08 00:00:00;Banque A;26318883;11.56;Normale;28.67;Oui;630.77;0
914;2024-02-08 01:00:00;Banque D;20945599;9.24;Normale;1.03;Oui;664.96;0
915;2024-02-08 02:00:00;Banque E;47373607;11.2;Normale;2.76;Oui;617.64;0
916;2024-02-08 03:00:00;Banque B;25688963;11.8;Normale;1.76;Oui;694.85;0
917;2024-02-08 04:00:00;Banque C;967079;4.03;Normale;23.84;Oui;629.89;0
918;2024-02-08 05:00:00;Banque D;48547542;10.32;Normale;27.62;Oui;607.8;0
919;2024-02-08 06:00:00;Banque B;25942542;7.51;Normale;38.26;Oui;672.41;0
920;2024-02-08 07:00:00;Banque D;24091274;5.82;Normale;47.05;Oui;674.38;0
921;2024-02-08 08:00:00;Banque E;25249393;10.16;Normale;37.39;Oui;661.43;0
922;2024-02-08 09:00:00;Banque D;6085016;8.0;Normale;41.02;Oui;610.13;0
923;2024-02-08 10:00:00;Banque A;28698825;6.78;Normale;45.54;Oui;623.75;0
924;2024-02-08 11:00:00;Banque C;9045666;9.96;Normale;11.89;Oui;644.67;0
925;2024-02-08 12:00:00;Banque E;39948966;5.76;Problématique;2.26;Oui;622.01;0
926;2024-02-08 13:00:00;Banque A;41075764;5.79;Normale;6.0;Oui;610.18;0
927;2024-02-08 14:00:00;Banque C;1770468;11.9;Normale;48.57;Oui;690.21;0
928;2024-02-08 15:00:00;Banque B;20459684;10.63;Normale;34.71;Oui;620.42;0
929;2024-02-08 16:00:00;Banque E;35852631;9.8;En Souffrance;24.57;Oui;612.24;0
930;2024-02-08 17:00:00;Banque A;46266227;5.5;Normale;21.09;Peut-être;694.53;1
931;2024-02-08 18:00:00;Banque D;36955919;7.51;Normale;0.57;Oui;611.22;0
932;2024-02-08 19:00:00;Banque D;30586278;5.31;Normale;23.25;Oui;677.17;0
933;2024-02-08 20:00:00;Banque A;33047577;6.21;Normale;22.48;Oui;650.17;0
934;2024-02-08 21:00:00;Banque A;22889055;7.28;Normale;20.74;Oui;615.85;0
935;2024-02-08 22:00:00;Banque A;35371307;7.71;En Souffrance;47.79;Oui;670.18;0
936;2024-02-08 23:00:00;Banque E;45307394;8.46;Normale;33.49;Oui;639.5;0
937;2024-02-09 00:00:00;Banque C;9435284;4.62;Normale;15.1;Oui;609.69;0
938;2024-02-09 01:00:00;Banque B;40649870;11.21;Normale;13.06;Oui;687.74;0
939;2024-02-09 02:00:00;Banque C;43105125;8.57;Normale;23.69;Non;673.68;0
940;2024-02-09 03:00:00;Banque D;37448608;5.06;Normale;32.3;Oui;615.18;0
941;2024-02-09 04:00:00;Banque E;7909871;7.12;Normale;13.14;Oui;695.6;0
942;2024-02-09 05:00:00;Banque A;22882026;10.24;Normale;3.94;Non;659.41;0
943;2024-02-09 06:00:00;Banque B;34172770;5.3;En Souffrance;22.12;Oui;618.35;1
944;2024-02-09 07:00:00;Banque B;4421908;5.19;Normale;49.47;Oui;613.58;0
945;2024-02-09 08:00:00;Banque D;29501309;4.13;Normale;2.26;Oui;637.07;0
946;2024-02-09 09:00:00;Banque D;25819886;4.54;Normale;12.86;Oui;677.4;0
947;2024-02-09 10:00:00;Banque E;41602744;6.8;En Souffrance;7.9;Oui;605.2;0
948;2024-02-09 11:00:00;Banque E;17771876;6.33;En Souffrance;48.87;Oui;603.24;0
949;2024-02-09 12:00:00;Banque A;34703675;4.56;Normale;27.68;Oui;633.58;0
950;2024-02-09 13:00:00;Banque B;26314107;7.14;Normale;40.71;Oui;664.75;0
951;2024-02-09 14:00:00;Banque A;48634073;4.31;Normale;27.18;Oui;678.67;0
952;2024-02-09 15:00:00;Banque E;18499375;8.49;Normale;9.68;Oui;624.1;0
953;2024-02-09 16:00:00;Banque B;20549951;8.51;Normale;10.57;Oui;641.46;0
954;2024-02-09 17:00:00;Banque D;37964920;7.04;Normale;7.99;Oui;684.43;0
955;2024-02-09 18:00:00;Banque D;32211811;3.18;Normale;22.96;Oui;617.83;0
956;2024-02-09 19:00:00;Banque E;41563322;5.95;Normale;20.6;Oui;685.81;0
957;2024-02-09 20:00:00;Banque C;654673;10.11;Normale;31.24;Oui;640.84;0
958;2024-02-09 21:00:00;Banque E;17877475;6.96;Normale;32.02;Oui;695.08;0
959;2024-02-09 22:00:00;Banque A;44397285;5.55;En Souffrance;23.14;Oui;650.1;0
960;2024-02-09 23:00:00;Banque C;38852853;5.82;En Souffrance;19.79;Oui;601.53;0
961;2024-02-10 00:00:00;Banque B;13890946;3.07;Normale;22.05;Oui;644.61;0
962;2024-02-10 01:00:00;Banque E;3798970;7.12;En Souffrance;50.0;Oui;607.63;0
963;2024-02-10 02:00:00;Banque D;22443947;3.08;Problématique;5.38;Oui;644.68;0
964;2024-02-10 03:00:00;Banque B;49265679;10.24;Normale;24.75;Oui;620.41;0
965;2024-02-10 04:00:00;Banque D;5033332;10.14;Normale;9.14;Non;658.3;0
966;2024-02-10 05:00:00;Banque C;21718195;4.84;Normale;9.38;Oui;643.28;0
967;2024-02-10 06:00:00;Banque E;31860441;5.22;Normale;12.32;Oui;683.85;0
968;2024-02-10 07:00:00;Banque D;23159059;8.61;Normale;20.29;Oui;611.49;0
969;2024-02-10 08:00:00;Banque B;48792461;7.58;Normale;17.73;Oui;627.57;0
970;2024-02-10 09:00:00;Banque B;32951687;9.7;En Souffrance;28.05;Oui;662.02;0
971;2024-02-10 10:00:00;Banque B;30659651;6.38;Normale;40.56;Non;603.9;0
972;2024-02-10 11:00:00;Banque A;35599968;5.32;En Souffrance;21.13;Oui;657.32;0
973;2024-02-10 12:00:00;Banque A;29187937;11.09;Normale;35.75;Oui;697.88;0
974;2024-02-10 13:00:00;Banque A;47609258;11.29;Normale;24.41;Oui;664.54;0
975;2024-02-10 14:00:00;Banque B;33287469;9.55;Problématique;12.12;Oui;659.03;0
976;2024-02-10 15:00:00;Banque A;21561432;4.65;Normale;1.4;Oui;692.91;0
977;2024-02-10 16:00:00;Banque B;20030637;8.88;En Souffrance;5.33;Oui;689.34;0
978;2024-02-10 17:00:00;Banque C;37326944;5.05;Normale;15.61;Oui;619.29;0
979;2024-02-10 18:00:00;Banque D;16928270;11.38;En Souffrance;17.21;Oui;604.27;0
980;2024-02-10 19:00:00;Banque B;1522647;8.76;Normale;21.35;Oui;638.41;1
981;2024-02-10 20:00:00;Banque B;21447487;9.88;Normale;3.04;Oui;639.01;0
982;2024-02-10 21:00:00;Banque A;42140493;10.54;Normale;1.14;Oui;675.29;0
983;2024-02-10 22:00:00;Banque B;6152537;4.31;En Souffrance;16.06;Oui;628.24;0
984;2024-02-10 23:00:00;Banque E;40418108;5.52;Normale;7.04;Oui;637.85;0
985;2024-02-11 00:00:00;Banque C;11909149;50.0;Normale;16.0;Oui;625.24;1
986;2024-02-11 01:00:00;Banque C;47388882;2.73;Problématique;48.29;Oui;641.12;0
987;2024-02-11 02:00:00;Banque A;48047430;9.34;En Souffrance;10.34;Oui;646.12;0
988;2024-02-11 03:00:00;Banque D;42687377;10.56;Normale;15.29;Oui;699.95;0
989;2024-02-11 04:00:00;Banque E;33491427;3.12;Normale;30.01;Oui;605.65;0
990;2024-02-11 05:00:00;Banque C;10933146;10.65;Normale;42.37;Non;645.19;0
991;2024-02-11 06:00:00;Banque E;5015368;2.66;Normale;7.23;Oui;663.11;0
992;2024-02-11 07:00:00;Banque C;37824173;6.5;Normale;4.6;Oui;637.41;0
993;2024-02-11 08:00:00;Banque B;26688626;6.96;Normale;29.58;Oui;620.7;0
994;2024-02-11 09:00:00;Banque C;48578220;6.18;En Souffrance;21.81;Oui;668.21;0
995;2024-02-11 10:00:00;Banque E;15150269;11.29;Normale;23.14;Oui;606.68;0
996;2024-02-11 11:00:00;Banque D;19784975;8.12;Normale;7.93;Oui;643.56;0
997;2024-02-11 12:00:00;Banque C;25703089;8.28;Normale;29.11;Non;626.89;0
998;2024-02-11 13:00:00;Banque A;11372444;10.99;Normale;9.02;Oui;633.49;0
999;2024-02-11 14:00:00;Banque B;44138282;11.35;Normale;7.02;Oui;682.42;0
1000;2024-02-11 15:00:00;Banque D;14437948;8.25;Normale;27.5;Oui;613.39;0
